立委姓名	資料準備充分	質詢內容考證嚴謹	提出專業見解	熟悉質詢對象業務與權責	關注公眾利益	關注公平正義或弱勢權益	沒有為行政部門護航	不為強權財團發聲	質詢內容緊扣主題	就主題具體指出問題癥結點	就主題提出具體建議	有要求行政機關後續的改善保證	質詢時間掌握得宜	質詢內容無歧視或人身攻擊言行	質詢內容條理清楚、不矛盾	讓官員有適當的答詢空間
題目種類	1	1	1	1	2	2	2	2	3	3	3	3	4	4	4	4
孔文吉		1,0.0,2,0.111,3,0.222,4,0.556,5,0.111	1,0.0,2,0.0,3,0.222,4,0.667,5,0.111	1,0.0,2,0.0,3,0.111,4,0.556,5,0.333	1,0.0,2,0.333,3,0.333,4,0.222,5,0.111	1,0.0,2,0.0,3,0.333,4,0.556,5,0.111	1,0.0,2,0.0,3,0.333,4,0.444,5,0.222	1,0.0,2,0.0,3,0.333,4,0.556,5,0.111	1,0.0,2,0.0,3,0.222,4,0.556,5,0.222	1,0.0,2,0.0,3,0.111,4,0.556,5,0.333	1,0.0,2,0.0,3,0.222,4,0.444,5,0.333	1,0.0,2,0.0,3,0.111,4,0.333,5,0.556	1,0.0,2,0.0,3,0.222,4,0.444,5,0.333	1,0.0,2,0.0,3,0.222,4,0.667,5,0.111	1,0.0,2,0.0,3,0.222,4,0.667,5,0.111	1,0.0,2,0.0,3,0.222,4,0.556,5,0.222	1,0.0,2,0.0,3,0.222,4,0.444,5,0.333
尤美女		1,0.0,2,0.154,3,0.0,4,0.615,5,0.231	1,0.0,2,0.0,3,0.154,4,0.538,5,0.308	1,0.0,2,0.0,3,0.077,4,0.462,5,0.462	1,0.154,2,0.0,3,0.308,4,0.308,5,0.231	1,0.077,2,0.385,3,0.077,4,0.308,5,0.154	1,0.077,2,0.077,3,0.308,4,0.308,5,0.231	1,0.0,2,0.0,3,0.308,4,0.462,5,0.231	1,0.0,2,0.0,3,0.0,4,0.692,5,0.308	1,0.0,2,0.077,3,0.0,4,0.538,5,0.385	1,0.0,2,0.0,3,0.154,4,0.538,5,0.308	1,0.077,2,0.077,3,0.231,4,0.385,5,0.231	1,0.077,2,0.0,3,0.154,4,0.538,5,0.231	1,0.0,2,0.231,3,0.154,4,0.308,5,0.308	1,0.0,2,0.077,3,0.154,4,0.462,5,0.308	1,0.0,2,0.0,3,0.231,4,0.462,5,0.308	1,0.0,2,0.0,3,0.308,4,0.538,5,0.154
王定宇		1,0.163,2,0.209,3,0.326,4,0.233,5,0.07	1,0.023,2,0.116,3,0.256,4,0.419,5,0.186	1,0.023,2,0.14,3,0.186,4,0.419,5,0.233	1,0.07,2,0.209,3,0.395,4,0.209,5,0.116	1,0.023,2,0.163,3,0.302,4,0.349,5,0.163	1,0.07,2,0.209,3,0.326,4,0.279,5,0.116	1,0.023,2,0.07,3,0.186,4,0.488,5,0.233	1,0.023,2,0.116,3,0.093,4,0.442,5,0.326	1,0.0,2,0.023,3,0.14,4,0.558,5,0.279	1,0.0,2,0.023,3,0.209,4,0.512,5,0.256	1,0.047,2,0.116,3,0.372,4,0.256,5,0.209	1,0.023,2,0.163,3,0.349,4,0.209,5,0.256	1,0.023,2,0.07,3,0.163,4,0.419,5,0.326	1,0.047,2,0.186,3,0.302,4,0.349,5,0.116	1,0.023,2,0.14,3,0.163,4,0.465,5,0.209	1,0.047,2,0.047,3,0.163,4,0.419,5,0.326
王育敏		1,0.0,2,0.061,3,0.121,4,0.545,5,0.273	1,0.0,2,0.0,3,0.061,4,0.727,5,0.212	1,0.0,2,0.061,3,0.03,4,0.576,5,0.333	1,0.0,2,0.091,3,0.394,4,0.394,5,0.121	1,0.0,2,0.03,3,0.242,4,0.545,5,0.182	1,0.0,2,0.0,3,0.152,4,0.606,5,0.242	1,0.0,2,0.03,3,0.152,4,0.545,5,0.273	1,0.0,2,0.0,3,0.121,4,0.455,5,0.424	1,0.0,2,0.03,3,0.121,4,0.576,5,0.273	1,0.0,2,0.0,3,0.242,4,0.455,5,0.303	1,0.0,2,0.03,3,0.242,4,0.515,5,0.212	1,0.0,2,0.0,3,0.121,4,0.636,5,0.242	1,0.0,2,0.0,3,0.061,4,0.697,5,0.242	1,0.0,2,0.0,3,0.182,4,0.636,5,0.182	1,0.0,2,0.0,3,0.242,4,0.515,5,0.242	1,0.03,2,0.0,3,0.212,4,0.576,5,0.182
王惠美		1,0.024,2,0.171,3,0.22,4,0.415,5,0.171	1,0.0,2,0.098,3,0.244,4,0.439,5,0.22	1,0.024,2,0.073,3,0.195,4,0.512,5,0.195	1,0.024,2,0.024,3,0.341,4,0.488,5,0.122	1,0.0,2,0.049,3,0.341,4,0.415,5,0.195	1,0.0,2,0.049,3,0.341,4,0.439,5,0.171	1,0.0,2,0.049,3,0.171,4,0.537,5,0.244	1,0.0,2,0.049,3,0.244,4,0.463,5,0.244	1,0.0,2,0.0,3,0.195,4,0.512,5,0.293	1,0.0,2,0.024,3,0.293,4,0.439,5,0.244	1,0.0,2,0.0,3,0.293,4,0.39,5,0.317	1,0.024,2,0.0,3,0.317,4,0.39,5,0.268	1,0.024,2,0.024,3,0.366,4,0.317,5,0.268	1,0.0,2,0.049,3,0.366,4,0.439,5,0.146	1,0.0,2,0.024,3,0.293,4,0.439,5,0.244	1,0.0,2,0.024,3,0.244,4,0.488,5,0.244
王榮璋		1,0.069,2,0.103,3,0.414,4,0.379,5,0.034	1,0.069,2,0.207,3,0.207,4,0.379,5,0.138	1,0.0,2,0.138,3,0.138,4,0.552,5,0.172	1,0.069,2,0.138,3,0.31,4,0.379,5,0.103	1,0.069,2,0.138,3,0.345,4,0.379,5,0.069	1,0.069,2,0.138,3,0.345,4,0.379,5,0.069	1,0.034,2,0.069,3,0.448,4,0.345,5,0.103	1,0.0,2,0.034,3,0.345,4,0.517,5,0.103	1,0.0,2,0.0,3,0.207,4,0.586,5,0.207	1,0.0,2,0.0,3,0.172,4,0.483,5,0.345	1,0.0,2,0.0,3,0.379,4,0.31,5,0.31	1,0.034,2,0.0,3,0.207,4,0.517,5,0.241	1,0.0,2,0.0,3,0.31,4,0.517,5,0.172	1,0.034,2,0.207,3,0.172,4,0.414,5,0.172	1,0.034,2,0.103,3,0.345,4,0.379,5,0.138	1,0.034,2,0.172,3,0.207,4,0.31,5,0.276
江永昌		1,0.114,2,0.136,3,0.341,4,0.295,5,0.114	1,0.023,2,0.045,3,0.364,4,0.455,5,0.114	1,0.0,2,0.0,3,0.159,4,0.455,5,0.386	1,0.023,2,0.114,3,0.386,4,0.455,5,0.023	1,0.0,2,0.136,3,0.477,4,0.318,5,0.068	1,0.023,2,0.136,3,0.545,4,0.273,5,0.023	1,0.0,2,0.045,3,0.273,4,0.5,5,0.182	1,0.0,2,0.023,3,0.205,4,0.614,5,0.159	1,0.0,2,0.0,3,0.227,4,0.455,5,0.318	1,0.0,2,0.023,3,0.182,4,0.523,5,0.273	1,0.0,2,0.023,3,0.545,4,0.364,5,0.068	1,0.0,2,0.023,3,0.432,4,0.364,5,0.182	1,0.0,2,0.023,3,0.227,4,0.614,5,0.136	1,0.0,2,0.136,3,0.5,4,0.273,5,0.091	1,0.023,2,0.0,3,0.364,4,0.568,5,0.045	1,0.023,2,0.045,3,0.273,4,0.614,5,0.045
江啟臣		1,0.0,2,0.054,3,0.304,4,0.464,5,0.179	1,0.0,2,0.054,3,0.107,4,0.643,5,0.196	1,0.0,2,0.054,3,0.125,4,0.571,5,0.25	1,0.054,2,0.125,3,0.339,4,0.393,5,0.089	1,0.0,2,0.054,3,0.232,4,0.5,5,0.214	1,0.0,2,0.179,3,0.321,4,0.411,5,0.089	1,0.0,2,0.0,3,0.179,4,0.661,5,0.161	1,0.0,2,0.054,3,0.268,4,0.446,5,0.232	1,0.0,2,0.0,3,0.179,4,0.536,5,0.286	1,0.0,2,0.071,3,0.125,4,0.518,5,0.286	1,0.0,2,0.071,3,0.357,4,0.357,5,0.214	1,0.0,2,0.036,3,0.375,4,0.339,5,0.25	1,0.0,2,0.0,3,0.214,4,0.536,5,0.25	1,0.0,2,0.036,3,0.375,4,0.446,5,0.143	1,0.0,2,0.036,3,0.304,4,0.446,5,0.214	1,0.0,2,0.036,3,0.268,4,0.464,5,0.232
何欣純		1,0.023,2,0.159,3,0.182,4,0.5,5,0.136	1,0.0,2,0.0,3,0.25,4,0.591,5,0.159	1,0.0,2,0.068,3,0.25,4,0.455,5,0.227	1,0.0,2,0.114,3,0.409,4,0.364,5,0.114	1,0.0,2,0.023,3,0.341,4,0.386,5,0.25	1,0.023,2,0.068,3,0.318,4,0.455,5,0.136	1,0.0,2,0.091,3,0.205,4,0.523,5,0.182	1,0.0,2,0.068,3,0.227,4,0.523,5,0.182	1,0.0,2,0.023,3,0.295,4,0.409,5,0.273	1,0.023,2,0.045,3,0.136,4,0.5,5,0.295	1,0.0,2,0.091,3,0.386,4,0.364,5,0.159	1,0.0,2,0.091,3,0.295,4,0.386,5,0.227	1,0.0,2,0.045,3,0.205,4,0.477,5,0.273	1,0.0,2,0.068,3,0.318,4,0.5,5,0.114	1,0.0,2,0.023,3,0.25,4,0.591,5,0.136	1,0.0,2,0.023,3,0.318,4,0.432,5,0.227
余宛如		1,0.018,2,0.035,3,0.263,4,0.474,5,0.211	1,0.0,2,0.07,3,0.228,4,0.561,5,0.14	1,0.0,2,0.018,3,0.263,4,0.456,5,0.263	1,0.0,2,0.053,3,0.404,4,0.456,5,0.088	1,0.018,2,0.088,3,0.333,4,0.421,5,0.14	1,0.018,2,0.193,3,0.386,4,0.368,5,0.035	1,0.018,2,0.018,3,0.333,4,0.491,5,0.14	1,0.0,2,0.035,3,0.158,4,0.632,5,0.175	1,0.0,2,0.0,3,0.175,4,0.649,5,0.175	1,0.0,2,0.0,3,0.211,4,0.649,5,0.14	1,0.035,2,0.053,3,0.368,4,0.474,5,0.07	1,0.035,2,0.018,3,0.228,4,0.579,5,0.14	1,0.018,2,0.018,3,0.263,4,0.544,5,0.158	1,0.018,2,0.088,3,0.368,4,0.439,5,0.088	1,0.0,2,0.07,3,0.298,4,0.491,5,0.14	1,0.0,2,0.053,3,0.316,4,0.439,5,0.193
吳玉琴		1,0.0,2,0.025,3,0.175,4,0.5,5,0.3	1,0.025,2,0.05,3,0.175,4,0.5,5,0.25	1,0.0,2,0.0,3,0.05,4,0.475,5,0.475	1,0.0,2,0.15,3,0.15,4,0.425,5,0.275	1,0.025,2,0.05,3,0.275,4,0.45,5,0.2	1,0.05,2,0.15,3,0.275,4,0.325,5,0.2	1,0.0,2,0.125,3,0.275,4,0.425,5,0.175	1,0.0,2,0.075,3,0.3,4,0.45,5,0.175	1,0.0,2,0.0,3,0.15,4,0.5,5,0.35	1,0.0,2,0.025,3,0.2,4,0.55,5,0.225	1,0.0,2,0.0,3,0.15,4,0.475,5,0.375	1,0.0,2,0.0,3,0.2,4,0.45,5,0.35	1,0.025,2,0.125,3,0.25,4,0.475,5,0.125	1,0.0,2,0.125,3,0.4,4,0.325,5,0.15	1,0.025,2,0.05,3,0.35,4,0.425,5,0.15	1,0.05,2,0.05,3,0.3,4,0.375,5,0.225
吳志揚		1,0.034,2,0.069,3,0.414,4,0.276,5,0.207	1,0.034,2,0.034,3,0.31,4,0.414,5,0.207	1,0.0,2,0.034,3,0.241,4,0.345,5,0.379	1,0.034,2,0.103,3,0.345,4,0.414,5,0.103	1,0.034,2,0.103,3,0.448,4,0.31,5,0.103	1,0.0,2,0.241,3,0.31,4,0.345,5,0.103	1,0.034,2,0.172,3,0.31,4,0.414,5,0.069	1,0.034,2,0.138,3,0.345,4,0.414,5,0.069	1,0.034,2,0.0,3,0.448,4,0.345,5,0.172	1,0.069,2,0.034,3,0.276,4,0.448,5,0.172	1,0.0,2,0.172,3,0.414,4,0.31,5,0.103	1,0.069,2,0.103,3,0.31,4,0.345,5,0.172	1,0.0,2,0.0,3,0.276,4,0.414,5,0.31	1,0.034,2,0.172,3,0.414,4,0.276,5,0.103	1,0.034,2,0.0,3,0.345,4,0.517,5,0.103	1,0.034,2,0.103,3,0.276,4,0.517,5,0.069
吳秉叡		1,0.045,2,0.134,3,0.224,4,0.403,5,0.194	1,0.0,2,0.06,3,0.209,4,0.537,5,0.194	1,0.015,2,0.09,3,0.164,4,0.493,5,0.239	1,0.0,2,0.045,3,0.403,4,0.433,5,0.119	1,0.015,2,0.045,3,0.209,4,0.552,5,0.179	1,0.045,2,0.104,3,0.299,4,0.448,5,0.104	1,0.015,2,0.075,3,0.209,4,0.493,5,0.209	1,0.0,2,0.075,3,0.134,4,0.537,5,0.254	1,0.0,2,0.0,3,0.299,4,0.433,5,0.269	1,0.0,2,0.03,3,0.313,4,0.388,5,0.269	1,0.03,2,0.045,3,0.343,4,0.388,5,0.194	1,0.0,2,0.06,3,0.239,4,0.478,5,0.224	1,0.0,2,0.075,3,0.239,4,0.478,5,0.209	1,0.0,2,0.134,3,0.224,4,0.522,5,0.119	1,0.0,2,0.075,3,0.224,4,0.582,5,0.119	1,0.0,2,0.015,3,0.254,4,0.537,5,0.194
吳思瑤		1,0.042,2,0.104,3,0.354,4,0.396,5,0.104	1,0.0,2,0.021,3,0.333,4,0.5,5,0.146	1,0.0,2,0.063,3,0.417,4,0.354,5,0.167	1,0.0,2,0.063,3,0.354,4,0.438,5,0.146	1,0.0,2,0.042,3,0.375,4,0.375,5,0.208	1,0.0,2,0.063,3,0.313,4,0.354,5,0.271	1,0.0,2,0.104,3,0.229,4,0.5,5,0.167	1,0.0,2,0.063,3,0.188,4,0.521,5,0.229	1,0.0,2,0.042,3,0.188,4,0.5,5,0.271	1,0.0,2,0.021,3,0.229,4,0.583,5,0.167	1,0.021,2,0.104,3,0.438,4,0.292,5,0.146	1,0.021,2,0.021,3,0.333,4,0.458,5,0.167	1,0.0,2,0.0,3,0.313,4,0.5,5,0.188	1,0.0,2,0.042,3,0.417,4,0.333,5,0.208	1,0.0,2,0.042,3,0.375,4,0.417,5,0.167	1,0.0,2,0.021,3,0.25,4,0.563,5,0.167
吳焜裕		1,0.087,2,0.109,3,0.348,4,0.413,5,0.043	1,0.043,2,0.087,3,0.283,4,0.457,5,0.13	1,0.0,2,0.109,3,0.196,4,0.522,5,0.174	1,0.043,2,0.196,3,0.435,4,0.261,5,0.065	1,0.022,2,0.043,3,0.413,4,0.435,5,0.087	1,0.043,2,0.109,3,0.326,4,0.457,5,0.065	1,0.043,2,0.065,3,0.37,4,0.37,5,0.152	1,0.065,2,0.065,3,0.304,4,0.478,5,0.087	1,0.0,2,0.043,3,0.196,4,0.565,5,0.196	1,0.0,2,0.022,3,0.239,4,0.565,5,0.174	1,0.022,2,0.043,3,0.304,4,0.5,5,0.13	1,0.022,2,0.065,3,0.261,4,0.457,5,0.196	1,0.022,2,0.022,3,0.283,4,0.652,5,0.022	1,0.087,2,0.087,3,0.413,4,0.37,5,0.043	1,0.043,2,0.13,3,0.348,4,0.413,5,0.065	1,0.043,2,0.065,3,0.326,4,0.457,5,0.109
吳琪銘		1,0.0,2,0.0,3,0.2,4,0.6,5,0.2	1,0.0,2,0.0,3,0.4,4,0.5,5,0.1	1,0.0,2,0.0,3,0.2,4,0.3,5,0.5	1,0.0,2,0.0,3,0.4,4,0.5,5,0.1	1,0.0,2,0.0,3,0.3,4,0.6,5,0.1	1,0.0,2,0.0,3,0.2,4,0.5,5,0.3	1,0.0,2,0.0,3,0.4,4,0.3,5,0.3	1,0.0,2,0.0,3,0.4,4,0.2,5,0.4	1,0.0,2,0.0,3,0.3,4,0.4,5,0.3	1,0.0,2,0.0,3,0.3,4,0.5,5,0.2	1,0.0,2,0.0,3,0.3,4,0.3,5,0.4	1,0.0,2,0.1,3,0.1,4,0.3,5,0.5	1,0.0,2,0.0,3,0.3,4,0.5,5,0.2	1,0.0,2,0.1,3,0.2,4,0.4,5,0.3	1,0.0,2,0.0,3,0.2,4,0.7,5,0.1	1,0.0,2,0.0,3,0.2,4,0.6,5,0.2
呂玉玲		1,0.098,2,0.293,3,0.195,4,0.317,5,0.098	1,0.024,2,0.073,3,0.341,4,0.463,5,0.098	1,0.0,2,0.049,3,0.171,4,0.61,5,0.171	1,0.0,2,0.268,3,0.268,4,0.39,5,0.073	1,0.0,2,0.073,3,0.317,4,0.512,5,0.098	1,0.049,2,0.049,3,0.341,4,0.488,5,0.073	1,0.0,2,0.049,3,0.317,4,0.439,5,0.195	1,0.0,2,0.049,3,0.22,4,0.537,5,0.195	1,0.0,2,0.0,3,0.171,4,0.585,5,0.244	1,0.0,2,0.024,3,0.146,4,0.61,5,0.22	1,0.0,2,0.049,3,0.341,4,0.463,5,0.146	1,0.0,2,0.0,3,0.22,4,0.61,5,0.171	1,0.024,2,0.073,3,0.244,4,0.488,5,0.171	1,0.049,2,0.049,3,0.415,4,0.366,5,0.122	1,0.0,2,0.098,3,0.22,4,0.561,5,0.122	1,0.0,2,0.073,3,0.171,4,0.561,5,0.195
呂孫綾		1,0.0,2,0.041,3,0.143,4,0.388,5,0.429	1,0.0,2,0.041,3,0.265,4,0.49,5,0.204	1,0.0,2,0.0,3,0.061,4,0.51,5,0.429	1,0.0,2,0.163,3,0.286,4,0.327,5,0.224	1,0.02,2,0.041,3,0.327,4,0.429,5,0.184	1,0.02,2,0.102,3,0.327,4,0.449,5,0.102	1,0.0,2,0.102,3,0.347,4,0.286,5,0.265	1,0.0,2,0.061,3,0.286,4,0.388,5,0.265	1,0.0,2,0.0,3,0.184,4,0.551,5,0.265	1,0.0,2,0.0,3,0.265,4,0.49,5,0.245	1,0.0,2,0.02,3,0.429,4,0.449,5,0.102	1,0.0,2,0.0,3,0.265,4,0.571,5,0.163	1,0.0,2,0.061,3,0.245,4,0.551,5,0.143	1,0.0,2,0.163,3,0.449,4,0.265,5,0.122	1,0.0,2,0.061,3,0.286,4,0.51,5,0.143	1,0.0,2,0.102,3,0.184,4,0.449,5,0.265
李昆澤		1,0.0,2,0.154,3,0.231,4,0.462,5,0.154	1,0.0,2,0.0,3,0.154,4,0.692,5,0.154	1,0.0,2,0.0,3,0.231,4,0.308,5,0.462	1,0.077,2,0.154,3,0.308,4,0.462,5,0.0	1,0.077,2,0.154,3,0.0,4,0.538,5,0.231	1,0.0,2,0.154,3,0.077,4,0.615,5,0.154	1,0.0,2,0.0,3,0.154,4,0.692,5,0.154	1,0.0,2,0.0,3,0.154,4,0.538,5,0.308	1,0.0,2,0.0,3,0.231,4,0.538,5,0.231	1,0.0,2,0.077,3,0.077,4,0.692,5,0.154	1,0.0,2,0.154,3,0.385,4,0.385,5,0.077	1,0.0,2,0.154,3,0.154,4,0.615,5,0.077	1,0.0,2,0.0,3,0.231,4,0.385,5,0.385	1,0.0,2,0.154,3,0.308,4,0.462,5,0.077	1,0.0,2,0.077,3,0.077,4,0.538,5,0.308	1,0.0,2,0.077,3,0.077,4,0.538,5,0.308
李俊俋		1,0.082,2,0.164,3,0.393,4,0.295,5,0.066	1,0.0,2,0.066,3,0.279,4,0.426,5,0.23	1,0.0,2,0.049,3,0.098,4,0.607,5,0.246	1,0.0,2,0.082,3,0.328,4,0.459,5,0.131	1,0.016,2,0.049,3,0.328,4,0.426,5,0.18	1,0.016,2,0.033,3,0.443,4,0.377,5,0.131	1,0.0,2,0.0,3,0.23,4,0.475,5,0.295	1,0.0,2,0.016,3,0.262,4,0.492,5,0.23	1,0.0,2,0.0,3,0.197,4,0.459,5,0.344	1,0.0,2,0.0,3,0.131,4,0.574,5,0.295	1,0.016,2,0.033,3,0.426,4,0.443,5,0.082	1,0.016,2,0.0,3,0.361,4,0.492,5,0.131	1,0.0,2,0.033,3,0.246,4,0.557,5,0.164	1,0.016,2,0.049,3,0.41,4,0.393,5,0.131	1,0.0,2,0.016,3,0.295,4,0.59,5,0.098	1,0.0,2,0.0,3,0.246,4,0.492,5,0.262
李彥秀		1,0.045,2,0.182,3,0.364,4,0.295,5,0.114	1,0.045,2,0.023,3,0.273,4,0.591,5,0.068	1,0.023,2,0.091,3,0.136,4,0.568,5,0.182	1,0.0,2,0.114,3,0.295,4,0.5,5,0.091	1,0.0,2,0.114,3,0.295,4,0.386,5,0.205	1,0.023,2,0.159,3,0.364,4,0.386,5,0.068	1,0.023,2,0.091,3,0.25,4,0.477,5,0.159	1,0.0,2,0.045,3,0.25,4,0.545,5,0.159	1,0.0,2,0.0,3,0.136,4,0.591,5,0.273	1,0.0,2,0.0,3,0.159,4,0.682,5,0.159	1,0.0,2,0.023,3,0.318,4,0.455,5,0.205	1,0.0,2,0.0,3,0.182,4,0.614,5,0.205	1,0.0,2,0.045,3,0.318,4,0.5,5,0.136	1,0.0,2,0.068,3,0.5,4,0.409,5,0.023	1,0.0,2,0.023,3,0.455,4,0.5,5,0.023	1,0.0,2,0.068,3,0.364,4,0.545,5,0.023
李應元		1,0.0,2,0.095,3,0.357,4,0.405,5,0.143	1,0.0,2,0.048,3,0.262,4,0.548,5,0.143	1,0.0,2,0.024,3,0.119,4,0.476,5,0.381	1,0.0,2,0.214,3,0.286,4,0.333,5,0.167	1,0.024,2,0.095,3,0.357,4,0.429,5,0.095	1,0.048,2,0.143,3,0.381,4,0.357,5,0.071	1,0.048,2,0.095,3,0.333,4,0.381,5,0.143	1,0.0,2,0.095,3,0.262,4,0.524,5,0.119	1,0.0,2,0.0,3,0.31,4,0.524,5,0.167	1,0.0,2,0.048,3,0.262,4,0.524,5,0.167	1,0.0,2,0.143,3,0.452,4,0.333,5,0.071	1,0.0,2,0.071,3,0.452,4,0.429,5,0.048	1,0.0,2,0.024,3,0.286,4,0.524,5,0.167	1,0.0,2,0.095,3,0.405,4,0.452,5,0.048	1,0.0,2,0.0,3,0.405,4,0.524,5,0.071	1,0.0,2,0.0,3,0.167,4,0.643,5,0.19
李鴻鈞		1,0.043,2,0.0,3,0.348,4,0.522,5,0.087	1,0.0,2,0.043,3,0.261,4,0.348,5,0.348	1,0.0,2,0.043,3,0.13,4,0.478,5,0.348	1,0.0,2,0.13,3,0.304,4,0.391,5,0.174	1,0.0,2,0.043,3,0.304,4,0.478,5,0.174	1,0.0,2,0.087,3,0.304,4,0.348,5,0.261	1,0.0,2,0.043,3,0.261,4,0.435,5,0.261	1,0.0,2,0.0,3,0.087,4,0.652,5,0.261	1,0.0,2,0.087,3,0.174,4,0.435,5,0.304	1,0.0,2,0.043,3,0.043,4,0.522,5,0.391	1,0.0,2,0.043,3,0.304,4,0.478,5,0.174	1,0.0,2,0.043,3,0.13,4,0.522,5,0.304	1,0.0,2,0.043,3,0.043,4,0.522,5,0.391	1,0.0,2,0.0,3,0.217,4,0.478,5,0.304	1,0.0,2,0.087,3,0.13,4,0.652,5,0.13	1,0.0,2,0.0,3,0.261,4,0.565,5,0.174
邱議瑩		1,0.0,2,0.0,3,0.833,4,0.167,5,0.0	1,0.0,2,0.0,3,0.333,4,0.5,5,0.167	1,0.0,2,0.0,3,0.5,4,0.167,5,0.333	1,0.0,2,0.0,3,0.5,4,0.167,5,0.333	1,0.0,2,0.0,3,0.5,4,0.333,5,0.167	1,0.0,2,0.0,3,0.167,4,0.833,5,0.0	1,0.0,2,0.0,3,0.0,4,0.833,5,0.167	1,0.0,2,0.0,3,0.0,4,0.833,5,0.167	1,0.0,2,0.0,3,0.667,4,0.167,5,0.167	1,0.0,2,0.0,3,0.667,4,0.167,5,0.167	1,0.0,2,0.0,3,0.5,4,0.333,5,0.167	1,0.0,2,0.0,3,0.5,4,0.333,5,0.167	1,0.0,2,0.0,3,0.0,4,0.833,5,0.167	1,0.0,2,0.0,3,0.167,4,0.667,5,0.167	1,0.0,2,0.0,3,0.333,4,0.5,5,0.167	1,0.0,2,0.0,3,0.0,4,0.833,5,0.167
周陳秀霞		1,0.0,2,0.0,3,0.2,4,0.3,5,0.5	1,0.0,2,0.0,3,0.4,4,0.4,5,0.2	1,0.0,2,0.0,3,0.1,4,0.6,5,0.3	1,0.0,2,0.2,3,0.3,4,0.3,5,0.2	1,0.0,2,0.1,3,0.3,4,0.4,5,0.2	1,0.0,2,0.1,3,0.3,4,0.4,5,0.2	1,0.0,2,0.0,3,0.5,4,0.3,5,0.2	1,0.0,2,0.2,3,0.1,4,0.6,5,0.1	1,0.0,2,0.1,3,0.1,4,0.6,5,0.2	1,0.0,2,0.0,3,0.3,4,0.6,5,0.1	1,0.1,2,0.0,3,0.4,4,0.4,5,0.1	1,0.1,2,0.0,3,0.1,4,0.7,5,0.1	1,0.0,2,0.0,3,0.4,4,0.4,5,0.2	1,0.0,2,0.2,3,0.4,4,0.4,5,0.0	1,0.0,2,0.2,3,0.3,4,0.4,5,0.1	1,0.0,2,0.1,3,0.5,4,0.3,5,0.1
林岱樺		1,0.0,2,0.19,3,0.333,4,0.429,5,0.048	1,0.0,2,0.095,3,0.286,4,0.381,5,0.238	1,0.0,2,0.0,3,0.429,4,0.429,5,0.143	1,0.0,2,0.143,3,0.476,4,0.286,5,0.095	1,0.0,2,0.095,3,0.238,4,0.571,5,0.095	1,0.0,2,0.095,3,0.238,4,0.571,5,0.095	1,0.0,2,0.048,3,0.286,4,0.571,5,0.095	1,0.0,2,0.048,3,0.476,4,0.429,5,0.048	1,0.0,2,0.0,3,0.333,4,0.571,5,0.095	1,0.0,2,0.048,3,0.238,4,0.571,5,0.143	1,0.0,2,0.048,3,0.286,4,0.619,5,0.048	1,0.0,2,0.0,3,0.286,4,0.571,5,0.143	1,0.0,2,0.048,3,0.381,4,0.429,5,0.143	1,0.0,2,0.095,3,0.238,4,0.524,5,0.143	1,0.0,2,0.048,3,0.19,4,0.619,5,0.143	1,0.0,2,0.0,3,0.286,4,0.429,5,0.286
林俊憲		1,0.037,2,0.148,3,0.259,4,0.444,5,0.111	1,0.0,2,0.074,3,0.259,4,0.519,5,0.148	1,0.0,2,0.074,3,0.222,4,0.481,5,0.222	1,0.0,2,0.074,3,0.407,4,0.407,5,0.111	1,0.0,2,0.037,3,0.296,4,0.519,5,0.148	1,0.0,2,0.148,3,0.333,4,0.37,5,0.148	1,0.0,2,0.074,3,0.37,4,0.444,5,0.111	1,0.0,2,0.148,3,0.185,4,0.556,5,0.111	1,0.0,2,0.0,3,0.333,4,0.444,5,0.222	1,0.0,2,0.037,3,0.259,4,0.481,5,0.222	1,0.0,2,0.0,3,0.593,4,0.37,5,0.037	1,0.0,2,0.037,3,0.222,4,0.593,5,0.148	1,0.0,2,0.037,3,0.333,4,0.593,5,0.037	1,0.0,2,0.111,3,0.556,4,0.296,5,0.037	1,0.0,2,0.111,3,0.444,4,0.407,5,0.037	1,0.0,2,0.074,3,0.333,4,0.519,5,0.074
林昶佐		1,0.0,2,0.075,3,0.325,4,0.425,5,0.175	1,0.0,2,0.025,3,0.275,4,0.375,5,0.325	1,0.0,2,0.0,3,0.075,4,0.425,5,0.5	1,0.0,2,0.075,3,0.35,4,0.35,5,0.225	1,0.0,2,0.075,3,0.225,4,0.425,5,0.275	1,0.025,2,0.0,3,0.325,4,0.45,5,0.2	1,0.0,2,0.025,3,0.125,4,0.575,5,0.275	1,0.0,2,0.0,3,0.225,4,0.575,5,0.2	1,0.0,2,0.0,3,0.05,4,0.55,5,0.4	1,0.0,2,0.0,3,0.075,4,0.5,5,0.425	1,0.0,2,0.0,3,0.25,4,0.5,5,0.25	1,0.0,2,0.0,3,0.15,4,0.575,5,0.275	1,0.0,2,0.05,3,0.125,4,0.6,5,0.225	1,0.0,2,0.05,3,0.425,4,0.4,5,0.125	1,0.0,2,0.0,3,0.3,4,0.525,5,0.175	1,0.0,2,0.0,3,0.1,4,0.525,5,0.375
林為洲		1,0.0,2,0.088,3,0.206,4,0.412,5,0.294	1,0.0,2,0.059,3,0.294,4,0.588,5,0.059	1,0.0,2,0.059,3,0.206,4,0.382,5,0.353	1,0.0,2,0.029,3,0.206,4,0.647,5,0.118	1,0.029,2,0.176,3,0.412,4,0.294,5,0.088	1,0.029,2,0.059,3,0.382,4,0.441,5,0.088	1,0.0,2,0.029,3,0.441,4,0.471,5,0.059	1,0.0,2,0.118,3,0.235,4,0.588,5,0.059	1,0.029,2,0.0,3,0.324,4,0.294,5,0.353	1,0.029,2,0.059,3,0.265,4,0.471,5,0.176	1,0.029,2,0.059,3,0.529,4,0.324,5,0.059	1,0.0,2,0.118,3,0.382,4,0.294,5,0.206	1,0.0,2,0.029,3,0.324,4,0.559,5,0.088	1,0.0,2,0.088,3,0.471,4,0.324,5,0.118	1,0.0,2,0.088,3,0.412,4,0.412,5,0.088	1,0.0,2,0.088,3,0.471,4,0.353,5,0.088
林淑芬		1,0.125,2,0.225,3,0.425,4,0.225,5,0.0	1,0.05,2,0.075,3,0.35,4,0.45,5,0.075	1,0.075,2,0.1,3,0.25,4,0.475,5,0.1	1,0.225,2,0.225,3,0.225,4,0.325,5,0.0	1,0.0,2,0.1,3,0.3,4,0.475,5,0.125	1,0.025,2,0.125,3,0.45,4,0.3,5,0.1	1,0.0,2,0.1,3,0.2,4,0.475,5,0.225	1,0.0,2,0.125,3,0.225,4,0.475,5,0.175	1,0.0,2,0.025,3,0.2,4,0.525,5,0.25	1,0.0,2,0.05,3,0.175,4,0.55,5,0.225	1,0.0,2,0.025,3,0.375,4,0.525,5,0.075	1,0.0,2,0.0,3,0.325,4,0.575,5,0.1	1,0.025,2,0.025,3,0.25,4,0.525,5,0.175	1,0.0,2,0.15,3,0.325,4,0.425,5,0.1	1,0.0,2,0.05,3,0.25,4,0.575,5,0.125	1,0.0,2,0.0,3,0.125,4,0.65,5,0.225
周春米		1,0.0,2,0.097,3,0.29,4,0.484,5,0.129	1,0.0,2,0.032,3,0.323,4,0.581,5,0.065	1,0.0,2,0.065,3,0.258,4,0.323,5,0.355	1,0.032,2,0.097,3,0.387,4,0.258,5,0.226	1,0.161,2,0.129,3,0.226,4,0.419,5,0.065	1,0.065,2,0.161,3,0.29,4,0.419,5,0.065	1,0.032,2,0.129,3,0.129,4,0.516,5,0.194	1,0.0,2,0.032,3,0.258,4,0.516,5,0.194	1,0.0,2,0.0,3,0.129,4,0.484,5,0.387	1,0.0,2,0.0,3,0.161,4,0.484,5,0.355	1,0.032,2,0.065,3,0.258,4,0.419,5,0.226	1,0.032,2,0.0,3,0.323,4,0.387,5,0.258	1,0.0,2,0.032,3,0.323,4,0.387,5,0.258	1,0.0,2,0.129,3,0.323,4,0.452,5,0.097	1,0.0,2,0.129,3,0.323,4,0.355,5,0.194	1,0.0,2,0.129,3,0.226,4,0.355,5,0.29
林德福		1,0.0,2,0.063,3,0.313,4,0.313,5,0.313	1,0.0,2,0.0,3,0.438,4,0.438,5,0.125	1,0.0,2,0.063,3,0.188,4,0.313,5,0.438	1,0.0,2,0.063,3,0.25,4,0.25,5,0.438	1,0.0,2,0.125,3,0.25,4,0.438,5,0.188	1,0.063,2,0.063,3,0.25,4,0.313,5,0.313	1,0.0,2,0.063,3,0.375,4,0.5,5,0.063	1,0.0,2,0.125,3,0.313,4,0.375,5,0.188	1,0.0,2,0.0,3,0.125,4,0.5,5,0.375	1,0.0,2,0.125,3,0.25,4,0.438,5,0.188	1,0.0,2,0.063,3,0.25,4,0.438,5,0.25	1,0.0,2,0.063,3,0.25,4,0.5,5,0.188	1,0.0,2,0.063,3,0.313,4,0.563,5,0.063	1,0.0,2,0.25,3,0.188,4,0.375,5,0.188	1,0.0,2,0.0,3,0.688,4,0.25,5,0.063	1,0.0,2,0.063,3,0.563,4,0.25,5,0.125
林靜儀		1,0.0,2,0.088,3,0.176,4,0.529,5,0.206	1,0.0,2,0.0,3,0.118,4,0.618,5,0.265	1,0.0,2,0.059,3,0.029,4,0.5,5,0.412	1,0.0,2,0.147,3,0.412,4,0.353,5,0.088	1,0.0,2,0.0,3,0.147,4,0.559,5,0.294	1,0.0,2,0.029,3,0.265,4,0.5,5,0.206	1,0.0,2,0.0,3,0.176,4,0.588,5,0.235	1,0.0,2,0.059,3,0.294,4,0.441,5,0.206	1,0.0,2,0.029,3,0.088,4,0.559,5,0.324	1,0.0,2,0.059,3,0.029,4,0.647,5,0.265	1,0.0,2,0.059,3,0.206,4,0.471,5,0.265	1,0.0,2,0.029,3,0.118,4,0.588,5,0.265	1,0.0,2,0.0,3,0.147,4,0.588,5,0.265	1,0.0,2,0.029,3,0.235,4,0.529,5,0.206	1,0.0,2,0.0,3,0.088,4,0.647,5,0.265	1,0.0,2,0.029,3,0.059,4,0.588,5,0.324
林麗蟬		1,0.0,2,0.048,3,0.238,4,0.548,5,0.167	1,0.024,2,0.071,3,0.429,4,0.429,5,0.048	1,0.0,2,0.024,3,0.31,4,0.429,5,0.238	1,0.024,2,0.071,3,0.405,4,0.381,5,0.119	1,0.0,2,0.071,3,0.452,4,0.405,5,0.071	1,0.048,2,0.119,3,0.286,4,0.381,5,0.167	1,0.024,2,0.071,3,0.333,4,0.476,5,0.095	1,0.024,2,0.071,3,0.19,4,0.524,5,0.19	1,0.0,2,0.0,3,0.286,4,0.524,5,0.19	1,0.0,2,0.071,3,0.333,4,0.476,5,0.119	1,0.0,2,0.048,3,0.524,4,0.167,5,0.262	1,0.0,2,0.095,3,0.286,4,0.357,5,0.262	1,0.0,2,0.071,3,0.429,4,0.357,5,0.143	1,0.024,2,0.19,3,0.452,4,0.31,5,0.024	1,0.024,2,0.119,3,0.405,4,0.405,5,0.048	1,0.0,2,0.119,3,0.429,4,0.357,5,0.095
姚文智		1,0.028,2,0.07,3,0.211,4,0.493,5,0.197	1,0.0,2,0.056,3,0.225,4,0.507,5,0.211	1,0.0,2,0.014,3,0.254,4,0.437,5,0.296	1,0.028,2,0.113,3,0.296,4,0.451,5,0.113	1,0.0,2,0.056,3,0.324,4,0.465,5,0.155	1,0.014,2,0.099,3,0.324,4,0.338,5,0.225	1,0.0,2,0.085,3,0.225,4,0.479,5,0.211	1,0.056,2,0.028,3,0.31,4,0.423,5,0.183	1,0.0,2,0.014,3,0.155,4,0.479,5,0.352	1,0.0,2,0.0,3,0.155,4,0.507,5,0.338	1,0.0,2,0.028,3,0.366,4,0.465,5,0.141	1,0.0,2,0.028,3,0.324,4,0.465,5,0.183	1,0.0,2,0.085,3,0.352,4,0.324,5,0.239	1,0.014,2,0.085,3,0.352,4,0.408,5,0.141	1,0.0,2,0.07,3,0.31,4,0.493,5,0.127	1,0.0,2,0.028,3,0.38,4,0.423,5,0.169
柯志恩		1,0.0,2,0.0,3,0.356,4,0.533,5,0.111	1,0.0,2,0.0,3,0.244,4,0.467,5,0.289	1,0.0,2,0.067,3,0.267,4,0.4,5,0.267	1,0.0,2,0.044,3,0.244,4,0.556,5,0.156	1,0.0,2,0.022,3,0.289,4,0.489,5,0.2	1,0.0,2,0.022,3,0.422,4,0.378,5,0.178	1,0.0,2,0.0,3,0.244,4,0.556,5,0.2	1,0.0,2,0.022,3,0.267,4,0.533,5,0.178	1,0.022,2,0.022,3,0.356,4,0.444,5,0.156	1,0.0,2,0.0,3,0.222,4,0.578,5,0.2	1,0.022,2,0.044,3,0.511,4,0.333,5,0.089	1,0.022,2,0.022,3,0.422,4,0.4,5,0.133	1,0.0,2,0.022,3,0.244,4,0.511,5,0.222	1,0.0,2,0.022,3,0.244,4,0.578,5,0.156	1,0.022,2,0.0,3,0.244,4,0.6,5,0.133	1,0.0,2,0.0,3,0.267,4,0.556,5,0.178
柯建銘		1,0.091,2,0.227,3,0.318,4,0.273,5,0.091	1,0.0,2,0.182,3,0.318,4,0.273,5,0.227	1,0.0,2,0.0,3,0.227,4,0.455,5,0.318	1,0.045,2,0.318,3,0.364,4,0.182,5,0.091	1,0.0,2,0.045,3,0.591,4,0.273,5,0.091	1,0.045,2,0.227,3,0.318,4,0.318,5,0.091	1,0.045,2,0.091,3,0.455,4,0.227,5,0.182	1,0.0,2,0.136,3,0.364,4,0.318,5,0.182	1,0.0,2,0.0,3,0.227,4,0.455,5,0.318	1,0.0,2,0.0,3,0.318,4,0.409,5,0.273	1,0.0,2,0.045,3,0.455,4,0.364,5,0.136	1,0.0,2,0.045,3,0.5,4,0.273,5,0.182	1,0.045,2,0.0,3,0.409,4,0.318,5,0.227	1,0.0,2,0.182,3,0.455,4,0.227,5,0.136	1,0.045,2,0.045,3,0.545,4,0.273,5,0.091	1,0.0,2,0.0,3,0.545,4,0.364,5,0.091
段宜康		1,0.083,2,0.361,3,0.333,4,0.222,5,0.0	1,0.0,2,0.139,3,0.278,4,0.5,5,0.083	1,0.0,2,0.167,3,0.333,4,0.389,5,0.111	1,0.083,2,0.361,3,0.194,4,0.361,5,0.0	1,0.0,2,0.056,3,0.333,4,0.556,5,0.056	1,0.0,2,0.139,3,0.333,4,0.5,5,0.028	1,0.0,2,0.111,3,0.139,4,0.583,5,0.167	1,0.0,2,0.056,3,0.167,4,0.528,5,0.25	1,0.0,2,0.0,3,0.167,4,0.528,5,0.306	1,0.0,2,0.0,3,0.167,4,0.528,5,0.306	1,0.028,2,0.0,3,0.333,4,0.5,5,0.139	1,0.0,2,0.028,3,0.278,4,0.611,5,0.083	1,0.0,2,0.0,3,0.25,4,0.556,5,0.194	1,0.0,2,0.139,3,0.194,4,0.639,5,0.028	1,0.0,2,0.0,3,0.194,4,0.556,5,0.25	1,0.0,2,0.0,3,0.139,4,0.667,5,0.194
洪宗熠		1,0.0,2,0.093,3,0.253,4,0.373,5,0.28	1,0.0,2,0.08,3,0.28,4,0.52,5,0.12	1,0.0,2,0.0,3,0.28,4,0.4,5,0.32	1,0.0,2,0.093,3,0.28,4,0.493,5,0.133	1,0.013,2,0.053,3,0.427,4,0.413,5,0.093	1,0.027,2,0.12,3,0.4,4,0.373,5,0.08	1,0.013,2,0.08,3,0.373,4,0.36,5,0.173	1,0.013,2,0.053,3,0.267,4,0.493,5,0.173	1,0.0,2,0.013,3,0.253,4,0.48,5,0.253	1,0.027,2,0.027,3,0.267,4,0.44,5,0.24	1,0.0,2,0.013,3,0.347,4,0.467,5,0.173	1,0.0,2,0.053,3,0.32,4,0.467,5,0.16	1,0.0,2,0.067,3,0.373,4,0.48,5,0.08	1,0.013,2,0.147,3,0.427,4,0.347,5,0.067	1,0.0,2,0.08,3,0.453,4,0.347,5,0.12	1,0.0,2,0.067,3,0.373,4,0.48,5,0.08
洪慈庸		1,0.0,2,0.055,3,0.164,4,0.455,5,0.327	1,0.0,2,0.0,3,0.218,4,0.545,5,0.236	1,0.0,2,0.0,3,0.091,4,0.436,5,0.473	1,0.0,2,0.109,3,0.255,4,0.382,5,0.255	1,0.018,2,0.036,3,0.255,4,0.455,5,0.236	1,0.018,2,0.055,3,0.345,4,0.455,5,0.127	1,0.0,2,0.0,3,0.327,4,0.4,5,0.273	1,0.0,2,0.0,3,0.182,4,0.491,5,0.327	1,0.0,2,0.018,3,0.091,4,0.509,5,0.382	1,0.0,2,0.036,3,0.109,4,0.545,5,0.309	1,0.0,2,0.018,3,0.2,4,0.582,5,0.2	1,0.0,2,0.0,3,0.145,4,0.509,5,0.345	1,0.0,2,0.018,3,0.236,4,0.527,5,0.218	1,0.0,2,0.073,3,0.364,4,0.345,5,0.218	1,0.0,2,0.0,3,0.182,4,0.491,5,0.327	1,0.0,2,0.0,3,0.164,4,0.582,5,0.255
徐永明		1,0.043,2,0.085,3,0.404,4,0.426,5,0.043	1,0.0,2,0.043,3,0.34,4,0.511,5,0.106	1,0.064,2,0.021,3,0.255,4,0.511,5,0.149	1,0.0,2,0.149,3,0.383,4,0.383,5,0.085	1,0.0,2,0.064,3,0.511,4,0.362,5,0.064	1,0.021,2,0.106,3,0.489,4,0.34,5,0.043	1,0.021,2,0.085,3,0.298,4,0.447,5,0.149	1,0.043,2,0.085,3,0.255,4,0.447,5,0.17	1,0.0,2,0.0,3,0.298,4,0.511,5,0.191	1,0.0,2,0.021,3,0.319,4,0.511,5,0.149	1,0.021,2,0.085,3,0.319,4,0.426,5,0.149	1,0.021,2,0.021,3,0.447,4,0.34,5,0.17	1,0.0,2,0.043,3,0.298,4,0.553,5,0.106	1,0.0,2,0.064,3,0.447,4,0.383,5,0.106	1,0.0,2,0.064,3,0.404,4,0.447,5,0.085	1,0.0,2,0.021,3,0.255,4,0.553,5,0.17
徐志榮		1,0.0,2,0.0,3,0.125,4,0.688,5,0.188	1,0.0,2,0.063,3,0.313,4,0.375,5,0.25	1,0.0,2,0.0,3,0.063,4,0.5,5,0.438	1,0.063,2,0.063,3,0.313,4,0.438,5,0.125	1,0.0,2,0.0,3,0.375,4,0.5,5,0.125	1,0.0,2,0.063,3,0.313,4,0.563,5,0.063	1,0.0,2,0.063,3,0.438,4,0.313,5,0.188	1,0.0,2,0.0,3,0.25,4,0.625,5,0.125	1,0.0,2,0.0,3,0.125,4,0.563,5,0.313	1,0.0,2,0.0,3,0.25,4,0.438,5,0.313	1,0.0,2,0.0,3,0.313,4,0.563,5,0.125	1,0.0,2,0.0,3,0.188,4,0.625,5,0.188	1,0.0,2,0.0,3,0.438,4,0.375,5,0.188	1,0.0,2,0.125,3,0.5,4,0.313,5,0.063	1,0.0,2,0.063,3,0.375,4,0.375,5,0.188	1,0.0,2,0.125,3,0.25,4,0.5,5,0.125
徐國勇		1,0.237,2,0.368,3,0.316,4,0.053,5,0.026	1,0.053,2,0.079,3,0.395,4,0.368,5,0.105	1,0.105,2,0.158,3,0.421,4,0.237,5,0.079	1,0.026,2,0.105,3,0.342,4,0.395,5,0.132	1,0.026,2,0.132,3,0.368,4,0.316,5,0.158	1,0.105,2,0.342,3,0.316,4,0.211,5,0.026	1,0.026,2,0.158,3,0.316,4,0.263,5,0.237	1,0.026,2,0.053,3,0.342,4,0.368,5,0.211	1,0.0,2,0.026,3,0.263,4,0.447,5,0.263	1,0.0,2,0.026,3,0.289,4,0.368,5,0.316	1,0.0,2,0.132,3,0.421,4,0.368,5,0.079	1,0.0,2,0.105,3,0.342,4,0.342,5,0.211	1,0.0,2,0.079,3,0.289,4,0.474,5,0.158	1,0.026,2,0.263,3,0.5,4,0.158,5,0.053	1,0.0,2,0.105,3,0.474,4,0.237,5,0.184	1,0.026,2,0.079,3,0.368,4,0.263,5,0.263
徐榛蔚		1,0.0,2,0.0,3,0.176,4,0.49,5,0.333	1,0.0,2,0.039,3,0.314,4,0.471,5,0.176	1,0.0,2,0.02,3,0.098,4,0.549,5,0.333	1,0.0,2,0.039,3,0.412,4,0.431,5,0.118	1,0.0,2,0.059,3,0.353,4,0.49,5,0.098	1,0.0,2,0.078,3,0.353,4,0.431,5,0.137	1,0.0,2,0.039,3,0.255,4,0.569,5,0.137	1,0.0,2,0.059,3,0.255,4,0.549,5,0.137	1,0.02,2,0.02,3,0.353,4,0.49,5,0.118	1,0.02,2,0.039,3,0.255,4,0.588,5,0.098	1,0.0,2,0.039,3,0.353,4,0.431,5,0.176	1,0.0,2,0.02,3,0.255,4,0.51,5,0.216	1,0.02,2,0.0,3,0.353,4,0.412,5,0.216	1,0.02,2,0.039,3,0.333,4,0.49,5,0.118	1,0.02,2,0.0,3,0.373,4,0.51,5,0.098	1,0.0,2,0.0,3,0.255,4,0.569,5,0.176
莊瑞雄		1,0.034,2,0.22,3,0.356,4,0.322,5,0.068	1,0.017,2,0.136,3,0.322,4,0.441,5,0.085	1,0.017,2,0.068,3,0.339,4,0.441,5,0.136	1,0.051,2,0.136,3,0.288,4,0.441,5,0.085	1,0.0,2,0.136,3,0.356,4,0.458,5,0.051	1,0.051,2,0.186,3,0.373,4,0.356,5,0.034	1,0.051,2,0.102,3,0.237,4,0.525,5,0.085	1,0.068,2,0.085,3,0.203,4,0.508,5,0.136	1,0.0,2,0.017,3,0.203,4,0.559,5,0.22	1,0.0,2,0.051,3,0.186,4,0.525,5,0.237	1,0.0,2,0.102,3,0.39,4,0.441,5,0.068	1,0.0,2,0.051,3,0.373,4,0.407,5,0.169	1,0.0,2,0.102,3,0.305,4,0.492,5,0.102	1,0.034,2,0.136,3,0.458,4,0.305,5,0.068	1,0.017,2,0.136,3,0.339,4,0.407,5,0.102	1,0.0,2,0.085,3,0.356,4,0.475,5,0.085
陳怡潔		1,0.034,2,0.119,3,0.271,4,0.508,5,0.068	1,0.0,2,0.051,3,0.305,4,0.424,5,0.22	1,0.0,2,0.068,3,0.22,4,0.542,5,0.169	1,0.0,2,0.119,3,0.39,4,0.424,5,0.068	1,0.0,2,0.051,3,0.288,4,0.475,5,0.186	1,0.0,2,0.237,3,0.305,4,0.339,5,0.119	1,0.017,2,0.136,3,0.254,4,0.492,5,0.102	1,0.017,2,0.085,3,0.237,4,0.525,5,0.136	1,0.0,2,0.017,3,0.305,4,0.373,5,0.305	1,0.0,2,0.034,3,0.271,4,0.492,5,0.203	1,0.017,2,0.051,3,0.39,4,0.39,5,0.153	1,0.017,2,0.068,3,0.339,4,0.373,5,0.203	1,0.0,2,0.102,3,0.356,4,0.441,5,0.102	1,0.034,2,0.186,3,0.492,4,0.203,5,0.085	1,0.051,2,0.051,3,0.305,4,0.492,5,0.102	1,0.017,2,0.068,3,0.373,4,0.39,5,0.153
陳明文		1,0.022,2,0.043,3,0.37,4,0.478,5,0.087	1,0.022,2,0.0,3,0.348,4,0.5,5,0.13	1,0.0,2,0.022,3,0.304,4,0.5,5,0.174	1,0.0,2,0.065,3,0.37,4,0.435,5,0.13	1,0.022,2,0.022,3,0.413,4,0.435,5,0.109	1,0.022,2,0.109,3,0.435,4,0.348,5,0.087	1,0.0,2,0.065,3,0.413,4,0.37,5,0.152	1,0.043,2,0.065,3,0.283,4,0.457,5,0.152	1,0.0,2,0.022,3,0.283,4,0.5,5,0.196	1,0.0,2,0.0,3,0.348,4,0.435,5,0.217	1,0.0,2,0.043,3,0.413,4,0.391,5,0.152	1,0.0,2,0.022,3,0.348,4,0.413,5,0.217	1,0.022,2,0.043,3,0.391,4,0.413,5,0.13	1,0.0,2,0.13,3,0.37,4,0.37,5,0.13	1,0.0,2,0.065,3,0.413,4,0.435,5,0.087	1,0.043,2,0.065,3,0.326,4,0.413,5,0.152
陳其邁		1,0.014,2,0.219,3,0.384,4,0.274,5,0.11	1,0.014,2,0.055,3,0.384,4,0.384,5,0.164	1,0.0,2,0.068,3,0.329,4,0.425,5,0.178	1,0.068,2,0.11,3,0.425,4,0.342,5,0.055	1,0.014,2,0.041,3,0.411,4,0.397,5,0.137	1,0.068,2,0.068,3,0.315,4,0.425,5,0.123	1,0.068,2,0.014,3,0.329,4,0.397,5,0.192	1,0.096,2,0.014,3,0.288,4,0.425,5,0.178	1,0.0,2,0.041,3,0.26,4,0.507,5,0.192	1,0.014,2,0.027,3,0.219,4,0.507,5,0.233	1,0.0,2,0.096,3,0.452,4,0.315,5,0.137	1,0.0,2,0.096,3,0.438,4,0.329,5,0.137	1,0.027,2,0.068,3,0.301,4,0.425,5,0.178	1,0.014,2,0.11,3,0.342,4,0.425,5,0.11	1,0.0,2,0.068,3,0.37,4,0.397,5,0.164	1,0.0,2,0.027,3,0.397,4,0.411,5,0.164
陳素月		1,0.0,2,0.034,3,0.103,4,0.483,5,0.379	1,0.0,2,0.103,3,0.241,4,0.552,5,0.103	1,0.0,2,0.0,3,0.103,4,0.31,5,0.586	1,0.0,2,0.0,3,0.31,4,0.517,5,0.172	1,0.0,2,0.069,3,0.207,4,0.552,5,0.172	1,0.0,2,0.034,3,0.31,4,0.448,5,0.207	1,0.0,2,0.034,3,0.345,4,0.517,5,0.103	1,0.0,2,0.069,3,0.172,4,0.586,5,0.172	1,0.0,2,0.034,3,0.172,4,0.414,5,0.379	1,0.0,2,0.069,3,0.103,4,0.483,5,0.345	1,0.0,2,0.034,3,0.207,4,0.586,5,0.172	1,0.0,2,0.034,3,0.103,4,0.517,5,0.345	1,0.0,2,0.069,3,0.207,4,0.517,5,0.207	1,0.034,2,0.103,3,0.345,4,0.379,5,0.138	1,0.0,2,0.069,3,0.241,4,0.621,5,0.069	1,0.0,2,0.069,3,0.276,4,0.517,5,0.138
陳曼麗		1,0.205,2,0.159,3,0.25,4,0.364,5,0.023	1,0.023,2,0.045,3,0.341,4,0.477,5,0.114	1,0.023,2,0.0,3,0.182,4,0.591,5,0.205	1,0.068,2,0.023,3,0.386,4,0.409,5,0.114	1,0.0,2,0.091,3,0.386,4,0.409,5,0.114	1,0.045,2,0.068,3,0.341,4,0.455,5,0.091	1,0.023,2,0.023,3,0.409,4,0.455,5,0.091	1,0.0,2,0.045,3,0.25,4,0.659,5,0.045	1,0.0,2,0.0,3,0.182,4,0.5,5,0.318	1,0.0,2,0.0,3,0.182,4,0.591,5,0.227	1,0.0,2,0.0,3,0.227,4,0.568,5,0.205	1,0.0,2,0.023,3,0.227,4,0.545,5,0.205	1,0.0,2,0.068,3,0.295,4,0.568,5,0.068	1,0.023,2,0.091,3,0.432,4,0.409,5,0.045	1,0.0,2,0.045,3,0.432,4,0.455,5,0.068	1,0.0,2,0.068,3,0.386,4,0.409,5,0.136
陳雪生		1,0.0,2,0.0,3,0.35,4,0.55,5,0.1	1,0.0,2,0.1,3,0.25,4,0.55,5,0.1	1,0.0,2,0.0,3,0.45,4,0.4,5,0.15	1,0.0,2,0.1,3,0.45,4,0.45,5,0.0	1,0.0,2,0.0,3,0.45,4,0.45,5,0.1	1,0.0,2,0.15,3,0.2,4,0.5,5,0.15	1,0.0,2,0.1,3,0.1,4,0.7,5,0.1	1,0.0,2,0.1,3,0.05,4,0.8,5,0.05	1,0.0,2,0.15,3,0.25,4,0.5,5,0.1	1,0.0,2,0.05,3,0.3,4,0.55,5,0.1	1,0.0,2,0.05,3,0.35,4,0.5,5,0.1	1,0.0,2,0.05,3,0.15,4,0.6,5,0.2	1,0.0,2,0.0,3,0.25,4,0.65,5,0.1	1,0.0,2,0.1,3,0.4,4,0.4,5,0.1	1,0.0,2,0.1,3,0.25,4,0.55,5,0.1	1,0.0,2,0.05,3,0.25,4,0.6,5,0.1
陳超明		1,0.027,2,0.135,3,0.405,4,0.324,5,0.108	1,0.027,2,0.108,3,0.297,4,0.486,5,0.081	1,0.0,2,0.027,3,0.27,4,0.486,5,0.216	1,0.027,2,0.108,3,0.351,4,0.405,5,0.108	1,0.027,2,0.081,3,0.27,4,0.514,5,0.108	1,0.027,2,0.135,3,0.378,4,0.378,5,0.081	1,0.081,2,0.108,3,0.297,4,0.405,5,0.108	1,0.027,2,0.108,3,0.27,4,0.405,5,0.189	1,0.0,2,0.027,3,0.27,4,0.514,5,0.189	1,0.0,2,0.027,3,0.216,4,0.595,5,0.162	1,0.027,2,0.027,3,0.405,4,0.486,5,0.054	1,0.0,2,0.108,3,0.27,4,0.486,5,0.135	1,0.0,2,0.081,3,0.27,4,0.486,5,0.162	1,0.081,2,0.081,3,0.297,4,0.405,5,0.135	1,0.054,2,0.135,3,0.27,4,0.459,5,0.081	1,0.027,2,0.162,3,0.297,4,0.378,5,0.135
陳歐珀		1,0.0,2,0.033,3,0.167,4,0.6,5,0.2	1,0.0,2,0.0,3,0.267,4,0.533,5,0.2	1,0.0,2,0.0,3,0.067,4,0.533,5,0.4	1,0.033,2,0.167,3,0.267,4,0.467,5,0.067	1,0.0,2,0.1,3,0.233,4,0.433,5,0.233	1,0.0,2,0.033,3,0.3,4,0.433,5,0.233	1,0.0,2,0.1,3,0.233,4,0.5,5,0.167	1,0.0,2,0.1,3,0.233,4,0.467,5,0.2	1,0.0,2,0.033,3,0.233,4,0.533,5,0.2	1,0.0,2,0.033,3,0.167,4,0.6,5,0.2	1,0.0,2,0.067,3,0.267,4,0.433,5,0.233	1,0.0,2,0.0,3,0.233,4,0.467,5,0.3	1,0.0,2,0.1,3,0.2,4,0.4,5,0.3	1,0.0,2,0.1,3,0.4,4,0.333,5,0.167	1,0.0,2,0.067,3,0.367,4,0.467,5,0.1	1,0.0,2,0.033,3,0.2,4,0.533,5,0.233
陳瑩		1,0.026,2,0.132,3,0.263,4,0.368,5,0.211	1,0.026,2,0.053,3,0.237,4,0.553,5,0.132	1,0.053,2,0.026,3,0.132,4,0.447,5,0.342	1,0.0,2,0.105,3,0.421,4,0.368,5,0.105	1,0.0,2,0.105,3,0.263,4,0.5,5,0.132	1,0.0,2,0.158,3,0.421,4,0.316,5,0.105	1,0.0,2,0.132,3,0.263,4,0.421,5,0.184	1,0.0,2,0.132,3,0.184,4,0.474,5,0.211	1,0.0,2,0.0,3,0.132,4,0.579,5,0.289	1,0.0,2,0.026,3,0.184,4,0.526,5,0.263	1,0.026,2,0.0,3,0.237,4,0.605,5,0.132	1,0.026,2,0.053,3,0.132,4,0.553,5,0.237	1,0.0,2,0.026,3,0.237,4,0.605,5,0.132	1,0.0,2,0.132,3,0.368,4,0.368,5,0.132	1,0.0,2,0.026,3,0.342,4,0.447,5,0.184	1,0.0,2,0.026,3,0.263,4,0.474,5,0.237
陳學聖		1,0.0,2,0.0,3,0.273,4,0.364,5,0.364	1,0.0,2,0.0,3,0.182,4,0.636,5,0.182	1,0.0,2,0.0,3,0.227,4,0.409,5,0.364	1,0.0,2,0.0,3,0.545,4,0.318,5,0.136	1,0.0,2,0.045,3,0.227,4,0.591,5,0.136	1,0.0,2,0.0,3,0.409,4,0.545,5,0.045	1,0.0,2,0.0,3,0.364,4,0.591,5,0.045	1,0.0,2,0.0,3,0.545,4,0.364,5,0.091	1,0.0,2,0.0,3,0.318,4,0.227,5,0.455	1,0.0,2,0.0,3,0.136,4,0.455,5,0.409	1,0.045,2,0.045,3,0.227,4,0.5,5,0.182	1,0.045,2,0.091,3,0.318,4,0.318,5,0.227	1,0.0,2,0.0,3,0.091,4,0.636,5,0.273	1,0.0,2,0.045,3,0.409,4,0.5,5,0.045	1,0.0,2,0.0,3,0.409,4,0.409,5,0.182	1,0.0,2,0.0,3,0.409,4,0.5,5,0.091
馬文君		1,0.0,2,0.158,3,0.526,4,0.158,5,0.158	1,0.0,2,0.158,3,0.263,4,0.421,5,0.158	1,0.0,2,0.053,3,0.263,4,0.421,5,0.263	1,0.053,2,0.105,3,0.474,4,0.316,5,0.053	1,0.0,2,0.105,3,0.263,4,0.526,5,0.105	1,0.053,2,0.105,3,0.526,4,0.211,5,0.105	1,0.0,2,0.105,3,0.368,4,0.368,5,0.158	1,0.0,2,0.105,3,0.368,4,0.474,5,0.053	1,0.0,2,0.0,3,0.211,4,0.632,5,0.158	1,0.0,2,0.0,3,0.158,4,0.684,5,0.158	1,0.0,2,0.0,3,0.474,4,0.474,5,0.053	1,0.0,2,0.0,3,0.316,4,0.579,5,0.105	1,0.0,2,0.053,3,0.526,4,0.421,5,0.0	1,0.0,2,0.105,3,0.316,4,0.474,5,0.105	1,0.0,2,0.105,3,0.316,4,0.421,5,0.158	1,0.0,2,0.105,3,0.526,4,0.211,5,0.158
高志鵬		1,0.0,2,0.034,3,0.276,4,0.586,5,0.103	1,0.034,2,0.0,3,0.414,4,0.483,5,0.069	1,0.0,2,0.0,3,0.172,4,0.586,5,0.241	1,0.0,2,0.103,3,0.448,4,0.345,5,0.103	1,0.0,2,0.0,3,0.379,4,0.552,5,0.069	1,0.0,2,0.034,3,0.379,4,0.414,5,0.172	1,0.0,2,0.069,3,0.448,4,0.414,5,0.069	1,0.0,2,0.069,3,0.31,4,0.483,5,0.138	1,0.0,2,0.0,3,0.448,4,0.414,5,0.138	1,0.0,2,0.0,3,0.414,4,0.448,5,0.138	1,0.0,2,0.034,3,0.379,4,0.414,5,0.172	1,0.0,2,0.034,3,0.31,4,0.517,5,0.138	1,0.0,2,0.034,3,0.345,4,0.483,5,0.138	1,0.0,2,0.069,3,0.345,4,0.414,5,0.172	1,0.0,2,0.034,3,0.414,4,0.448,5,0.103	1,0.0,2,0.034,3,0.241,4,0.621,5,0.103
高金素梅		1,0.071,2,0.0,3,0.5,4,0.143,5,0.286	1,0.0,2,0.0,3,0.286,4,0.571,5,0.143	1,0.0,2,0.143,3,0.286,4,0.286,5,0.286	1,0.0,2,0.071,3,0.286,4,0.357,5,0.286	1,0.0,2,0.143,3,0.143,4,0.429,5,0.286	1,0.071,2,0.071,3,0.429,4,0.214,5,0.214	1,0.0,2,0.143,3,0.286,4,0.286,5,0.286	1,0.0,2,0.0,3,0.429,4,0.214,5,0.357	1,0.0,2,0.0,3,0.143,4,0.357,5,0.5	1,0.0,2,0.0,3,0.214,4,0.429,5,0.357	1,0.0,2,0.0,3,0.0,4,0.214,5,0.786	1,0.0,2,0.0,3,0.143,4,0.429,5,0.429	1,0.0,2,0.0,3,0.143,4,0.5,5,0.357	1,0.0,2,0.071,3,0.357,4,0.214,5,0.357	1,0.0,2,0.071,3,0.143,4,0.5,5,0.286	1,0.0,2,0.0,3,0.214,4,0.357,5,0.429
張宏陸		1,0.0,2,0.038,3,0.462,4,0.5,5,0.0	1,0.0,2,0.077,3,0.385,4,0.5,5,0.038	1,0.0,2,0.038,3,0.308,4,0.538,5,0.115	1,0.0,2,0.038,3,0.385,4,0.577,5,0.0	1,0.0,2,0.115,3,0.5,4,0.346,5,0.038	1,0.0,2,0.231,3,0.423,4,0.346,5,0.0	1,0.0,2,0.077,3,0.5,4,0.385,5,0.038	1,0.0,2,0.038,3,0.385,4,0.5,5,0.077	1,0.0,2,0.0,3,0.231,4,0.654,5,0.115	1,0.0,2,0.0,3,0.192,4,0.615,5,0.192	1,0.0,2,0.0,3,0.346,4,0.577,5,0.077	1,0.0,2,0.0,3,0.423,4,0.423,5,0.154	1,0.0,2,0.077,3,0.346,4,0.538,5,0.038	1,0.0,2,0.154,3,0.538,4,0.269,5,0.038	1,0.0,2,0.077,3,0.423,4,0.462,5,0.038	1,0.0,2,0.077,3,0.385,4,0.5,5,0.038
張麗善		1,0.0,2,0.189,3,0.243,4,0.324,5,0.243	1,0.0,2,0.0,3,0.135,4,0.73,5,0.135	1,0.0,2,0.027,3,0.135,4,0.432,5,0.405	1,0.0,2,0.054,3,0.541,4,0.297,5,0.108	1,0.0,2,0.081,3,0.216,4,0.432,5,0.27	1,0.0,2,0.108,3,0.297,4,0.432,5,0.162	1,0.0,2,0.0,3,0.108,4,0.703,5,0.189	1,0.0,2,0.054,3,0.081,4,0.649,5,0.216	1,0.0,2,0.054,3,0.135,4,0.541,5,0.27	1,0.0,2,0.027,3,0.189,4,0.541,5,0.243	1,0.0,2,0.0,3,0.162,4,0.514,5,0.324	1,0.0,2,0.0,3,0.162,4,0.405,5,0.432	1,0.0,2,0.027,3,0.27,4,0.486,5,0.216	1,0.027,2,0.027,3,0.243,4,0.514,5,0.189	1,0.0,2,0.054,3,0.135,4,0.622,5,0.189	1,0.0,2,0.054,3,0.135,4,0.541,5,0.27
高潞．以用．巴魕剌Kawlo．Iyun．Pacidal		1,0.0,2,0.0,3,0.118,4,0.294,5,0.588	1,0.0,2,0.0,3,0.118,4,0.765,5,0.118	1,0.0,2,0.0,3,0.0,4,0.412,5,0.588	1,0.0,2,0.0,3,0.176,4,0.412,5,0.412	1,0.0,2,0.0,3,0.0,4,0.529,5,0.471	1,0.0,2,0.0,3,0.353,4,0.412,5,0.235	1,0.0,2,0.0,3,0.294,4,0.471,5,0.235	1,0.0,2,0.0,3,0.059,4,0.706,5,0.235	1,0.0,2,0.0,3,0.0,4,0.529,5,0.471	1,0.0,2,0.0,3,0.059,4,0.529,5,0.412	1,0.0,2,0.0,3,0.118,4,0.294,5,0.588	1,0.0,2,0.0,3,0.118,4,0.529,5,0.353	1,0.0,2,0.0,3,0.176,4,0.412,5,0.412	1,0.0,2,0.0,3,0.294,4,0.471,5,0.235	1,0.0,2,0.0,3,0.353,4,0.588,5,0.059	1,0.0,2,0.0,3,0.059,4,0.647,5,0.294
陳賴素美		1,0.0,2,0.079,3,0.289,4,0.474,5,0.158	1,0.026,2,0.132,3,0.553,4,0.184,5,0.105	1,0.0,2,0.026,3,0.316,4,0.395,5,0.263	1,0.0,2,0.053,3,0.474,4,0.421,5,0.053	1,0.0,2,0.289,3,0.342,4,0.289,5,0.079	1,0.026,2,0.368,3,0.395,4,0.184,5,0.026	1,0.0,2,0.237,3,0.368,4,0.342,5,0.053	1,0.026,2,0.211,3,0.316,4,0.342,5,0.105	1,0.0,2,0.0,3,0.395,4,0.474,5,0.132	1,0.0,2,0.0,3,0.263,4,0.579,5,0.158	1,0.0,2,0.105,3,0.526,4,0.289,5,0.079	1,0.0,2,0.105,3,0.368,4,0.474,5,0.053	1,0.0,2,0.263,3,0.289,4,0.316,5,0.132	1,0.026,2,0.368,3,0.395,4,0.184,5,0.026	1,0.0,2,0.158,3,0.5,4,0.289,5,0.053	1,0.0,2,0.184,3,0.368,4,0.395,5,0.053
張廖萬堅		1,0.0,2,0.048,3,0.452,4,0.381,5,0.119	1,0.0,2,0.048,3,0.262,4,0.548,5,0.143	1,0.0,2,0.024,3,0.143,4,0.524,5,0.31	1,0.0,2,0.024,3,0.31,4,0.524,5,0.143	1,0.0,2,0.095,3,0.381,4,0.452,5,0.071	1,0.0,2,0.071,3,0.31,4,0.548,5,0.071	1,0.0,2,0.048,3,0.381,4,0.452,5,0.119	1,0.0,2,0.048,3,0.262,4,0.5,5,0.19	1,0.0,2,0.024,3,0.214,4,0.571,5,0.19	1,0.0,2,0.048,3,0.214,4,0.524,5,0.214	1,0.0,2,0.095,3,0.333,4,0.452,5,0.119	1,0.0,2,0.024,3,0.333,4,0.452,5,0.19	1,0.0,2,0.0,3,0.31,4,0.524,5,0.167	1,0.0,2,0.071,3,0.381,4,0.429,5,0.119	1,0.0,2,0.024,3,0.286,4,0.595,5,0.095	1,0.0,2,0.024,3,0.238,4,0.548,5,0.19
許毓仁		1,0.0,2,0.042,3,0.167,4,0.458,5,0.333	1,0.042,2,0.0,3,0.125,4,0.583,5,0.25	1,0.0,2,0.0,3,0.167,4,0.5,5,0.333	1,0.042,2,0.125,3,0.125,4,0.417,5,0.292	1,0.0,2,0.0,3,0.333,4,0.5,5,0.167	1,0.042,2,0.0,3,0.125,4,0.542,5,0.292	1,0.042,2,0.0,3,0.083,4,0.583,5,0.292	1,0.042,2,0.0,3,0.125,4,0.5,5,0.333	1,0.0,2,0.0,3,0.208,4,0.375,5,0.417	1,0.0,2,0.0,3,0.167,4,0.417,5,0.417	1,0.0,2,0.0,3,0.25,4,0.333,5,0.417	1,0.0,2,0.0,3,0.167,4,0.417,5,0.417	1,0.0,2,0.042,3,0.208,4,0.458,5,0.292	1,0.0,2,0.0,3,0.25,4,0.542,5,0.208	1,0.042,2,0.0,3,0.208,4,0.5,5,0.25	1,0.042,2,0.0,3,0.25,4,0.458,5,0.25
費鴻泰		1,0.018,2,0.175,3,0.158,4,0.474,5,0.175	1,0.0,2,0.14,3,0.333,4,0.404,5,0.123	1,0.0,2,0.035,3,0.211,4,0.456,5,0.298	1,0.0,2,0.14,3,0.316,4,0.474,5,0.07	1,0.0,2,0.158,3,0.316,4,0.404,5,0.123	1,0.018,2,0.193,3,0.421,4,0.298,5,0.07	1,0.0,2,0.088,3,0.386,4,0.368,5,0.158	1,0.018,2,0.123,3,0.351,4,0.404,5,0.105	1,0.018,2,0.018,3,0.246,4,0.596,5,0.123	1,0.018,2,0.088,3,0.368,4,0.456,5,0.07	1,0.018,2,0.105,3,0.351,4,0.439,5,0.088	1,0.0,2,0.07,3,0.333,4,0.386,5,0.211	1,0.018,2,0.053,3,0.316,4,0.456,5,0.158	1,0.018,2,0.158,3,0.386,4,0.316,5,0.123	1,0.0,2,0.158,3,0.509,4,0.263,5,0.07	1,0.0,2,0.123,3,0.456,4,0.368,5,0.053
黃秀芳		1,0.0,2,0.043,3,0.13,4,0.565,5,0.261	1,0.0,2,0.043,3,0.239,4,0.543,5,0.174	1,0.0,2,0.0,3,0.087,4,0.478,5,0.435	1,0.0,2,0.087,3,0.326,4,0.478,5,0.109	1,0.0,2,0.0,3,0.348,4,0.478,5,0.174	1,0.0,2,0.065,3,0.391,4,0.37,5,0.174	1,0.022,2,0.109,3,0.196,4,0.457,5,0.217	1,0.0,2,0.065,3,0.152,4,0.543,5,0.239	1,0.0,2,0.0,3,0.196,4,0.5,5,0.304	1,0.022,2,0.0,3,0.217,4,0.543,5,0.217	1,0.0,2,0.0,3,0.304,4,0.522,5,0.174	1,0.0,2,0.0,3,0.13,4,0.522,5,0.348	1,0.0,2,0.065,3,0.326,4,0.435,5,0.174	1,0.0,2,0.13,3,0.348,4,0.348,5,0.174	1,0.0,2,0.022,3,0.457,4,0.391,5,0.13	1,0.022,2,0.087,3,0.261,4,0.5,5,0.13
黃偉哲		1,0.023,2,0.091,3,0.295,4,0.523,5,0.068	1,0.023,2,0.045,3,0.273,4,0.568,5,0.091	1,0.023,2,0.023,3,0.205,4,0.591,5,0.159	1,0.023,2,0.159,3,0.432,4,0.341,5,0.045	1,0.0,2,0.091,3,0.318,4,0.523,5,0.068	1,0.0,2,0.136,3,0.318,4,0.477,5,0.068	1,0.023,2,0.0,3,0.318,4,0.545,5,0.114	1,0.0,2,0.045,3,0.341,4,0.5,5,0.114	1,0.0,2,0.045,3,0.227,4,0.568,5,0.159	1,0.0,2,0.023,3,0.318,4,0.477,5,0.182	1,0.0,2,0.045,3,0.409,4,0.432,5,0.114	1,0.0,2,0.068,3,0.295,4,0.5,5,0.136	1,0.023,2,0.045,3,0.227,4,0.659,5,0.045	1,0.0,2,0.045,3,0.477,4,0.432,5,0.045	1,0.0,2,0.068,3,0.386,4,0.455,5,0.091	1,0.0,2,0.068,3,0.386,4,0.477,5,0.068
黃國昌		1,0.0,2,0.048,3,0.222,4,0.333,5,0.397	1,0.0,2,0.016,3,0.127,4,0.492,5,0.365	1,0.0,2,0.0,3,0.095,4,0.492,5,0.413	1,0.0,2,0.095,3,0.27,4,0.524,5,0.111	1,0.016,2,0.048,3,0.286,4,0.603,5,0.048	1,0.0,2,0.048,3,0.302,4,0.476,5,0.175	1,0.0,2,0.016,3,0.143,4,0.683,5,0.159	1,0.0,2,0.016,3,0.143,4,0.524,5,0.317	1,0.0,2,0.016,3,0.222,4,0.508,5,0.254	1,0.016,2,0.016,3,0.222,4,0.492,5,0.254	1,0.016,2,0.016,3,0.333,4,0.508,5,0.127	1,0.0,2,0.016,3,0.27,4,0.492,5,0.222	1,0.0,2,0.016,3,0.143,4,0.603,5,0.238	1,0.0,2,0.0,3,0.254,4,0.54,5,0.206	1,0.0,2,0.0,3,0.127,4,0.603,5,0.27	1,0.0,2,0.016,3,0.032,4,0.492,5,0.46
黃國書		1,0.0,2,0.037,3,0.259,4,0.593,5,0.111	1,0.0,2,0.037,3,0.296,4,0.593,5,0.074	1,0.0,2,0.037,3,0.222,4,0.481,5,0.259	1,0.0,2,0.111,3,0.296,4,0.481,5,0.111	1,0.0,2,0.037,3,0.407,4,0.519,5,0.037	1,0.0,2,0.037,3,0.444,4,0.481,5,0.037	1,0.0,2,0.111,3,0.259,4,0.444,5,0.185	1,0.0,2,0.0,3,0.333,4,0.593,5,0.074	1,0.0,2,0.037,3,0.296,4,0.519,5,0.148	1,0.0,2,0.037,3,0.333,4,0.481,5,0.148	1,0.0,2,0.074,3,0.519,4,0.333,5,0.074	1,0.0,2,0.037,3,0.593,4,0.296,5,0.074	1,0.0,2,0.0,3,0.407,4,0.519,5,0.074	1,0.0,2,0.0,3,0.593,4,0.37,5,0.037	1,0.0,2,0.0,3,0.296,4,0.667,5,0.037	1,0.0,2,0.0,3,0.407,4,0.444,5,0.148
楊曜		1,0.027,2,0.216,3,0.297,4,0.351,5,0.108	1,0.027,2,0.054,3,0.351,4,0.432,5,0.135	1,0.027,2,0.027,3,0.27,4,0.459,5,0.216	1,0.054,2,0.135,3,0.351,4,0.378,5,0.081	1,0.0,2,0.0,3,0.378,4,0.514,5,0.108	1,0.0,2,0.081,3,0.405,4,0.459,5,0.054	1,0.0,2,0.054,3,0.324,4,0.486,5,0.135	1,0.0,2,0.027,3,0.297,4,0.514,5,0.162	1,0.0,2,0.0,3,0.189,4,0.622,5,0.189	1,0.0,2,0.0,3,0.189,4,0.649,5,0.162	1,0.0,2,0.027,3,0.378,4,0.459,5,0.135	1,0.0,2,0.0,3,0.324,4,0.486,5,0.189	1,0.0,2,0.081,3,0.459,4,0.405,5,0.054	1,0.0,2,0.189,3,0.297,4,0.432,5,0.081	1,0.0,2,0.135,3,0.324,4,0.405,5,0.135	1,0.0,2,0.135,3,0.324,4,0.432,5,0.108
楊鎮浯		1,0.0,2,0.0,3,0.167,4,0.5,5,0.333	1,0.0,2,0.083,3,0.333,4,0.25,5,0.333	1,0.0,2,0.0,3,0.25,4,0.333,5,0.417	1,0.0,2,0.083,3,0.333,4,0.333,5,0.25	1,0.0,2,0.167,3,0.5,4,0.25,5,0.083	1,0.083,2,0.167,3,0.5,4,0.167,5,0.083	1,0.0,2,0.083,3,0.75,4,0.083,5,0.083	1,0.0,2,0.167,3,0.583,4,0.167,5,0.083	1,0.0,2,0.083,3,0.167,4,0.5,5,0.25	1,0.0,2,0.0,3,0.25,4,0.583,5,0.167	1,0.0,2,0.0,3,0.0,4,0.833,5,0.167	1,0.0,2,0.0,3,0.083,4,0.75,5,0.167	1,0.0,2,0.083,3,0.333,4,0.5,5,0.083	1,0.0,2,0.0,3,0.583,4,0.25,5,0.167	1,0.0,2,0.083,3,0.417,4,0.333,5,0.167	1,0.0,2,0.0,3,0.667,4,0.25,5,0.083
管碧玲		1,0.065,2,0.161,3,0.323,4,0.226,5,0.226	1,0.032,2,0.032,3,0.226,4,0.323,5,0.387	1,0.097,2,0.065,3,0.29,4,0.226,5,0.323	1,0.032,2,0.194,3,0.387,4,0.29,5,0.097	1,0.0,2,0.032,3,0.387,4,0.258,5,0.323	1,0.0,2,0.194,3,0.161,4,0.452,5,0.194	1,0.0,2,0.129,3,0.161,4,0.484,5,0.226	1,0.0,2,0.161,3,0.29,4,0.355,5,0.194	1,0.0,2,0.065,3,0.226,4,0.419,5,0.29	1,0.0,2,0.065,3,0.194,4,0.516,5,0.226	1,0.0,2,0.097,3,0.258,4,0.355,5,0.29	1,0.0,2,0.065,3,0.323,4,0.29,5,0.323	1,0.0,2,0.065,3,0.258,4,0.419,5,0.258	1,0.0,2,0.097,3,0.323,4,0.387,5,0.194	1,0.032,2,0.032,3,0.323,4,0.419,5,0.194	1,0.0,2,0.032,3,0.323,4,0.484,5,0.161
蔡易餘		1,0.033,2,0.067,3,0.267,4,0.467,5,0.167	1,0.033,2,0.0,3,0.333,4,0.5,5,0.133	1,0.0,2,0.067,3,0.133,4,0.5,5,0.3	1,0.0,2,0.133,3,0.133,4,0.5,5,0.233	1,0.067,2,0.033,3,0.3,4,0.467,5,0.133	1,0.033,2,0.1,3,0.267,4,0.433,5,0.167	1,0.0,2,0.0,3,0.233,4,0.533,5,0.233	1,0.0,2,0.067,3,0.167,4,0.533,5,0.233	1,0.0,2,0.033,3,0.133,4,0.5,5,0.333	1,0.0,2,0.0,3,0.2,4,0.467,5,0.333	1,0.0,2,0.0,3,0.267,4,0.5,5,0.233	1,0.0,2,0.0,3,0.067,4,0.6,5,0.333	1,0.0,2,0.067,3,0.167,4,0.567,5,0.2	1,0.0,2,0.067,3,0.233,4,0.6,5,0.1	1,0.0,2,0.033,3,0.133,4,0.7,5,0.133	1,0.0,2,0.067,3,0.133,4,0.6,5,0.2
葉宜津		1,0.226,2,0.129,3,0.484,4,0.129,5,0.032	1,0.0,2,0.161,3,0.387,4,0.323,5,0.129	1,0.0,2,0.258,3,0.387,4,0.29,5,0.065	1,0.0,2,0.065,3,0.452,4,0.452,5,0.032	1,0.032,2,0.0,3,0.29,4,0.452,5,0.226	1,0.065,2,0.097,3,0.387,4,0.419,5,0.032	1,0.032,2,0.032,3,0.258,4,0.419,5,0.258	1,0.0,2,0.032,3,0.226,4,0.613,5,0.129	1,0.0,2,0.0,3,0.194,4,0.581,5,0.226	1,0.0,2,0.0,3,0.258,4,0.484,5,0.258	1,0.0,2,0.065,3,0.419,4,0.452,5,0.065	1,0.0,2,0.065,3,0.161,4,0.484,5,0.29	1,0.0,2,0.226,3,0.161,4,0.323,5,0.29	1,0.0,2,0.161,3,0.419,4,0.258,5,0.161	1,0.032,2,0.0,3,0.419,4,0.355,5,0.194	1,0.0,2,0.032,3,0.226,4,0.516,5,0.226
黃昭順		1,0.0,2,0.075,3,0.226,4,0.528,5,0.17	1,0.019,2,0.094,3,0.208,4,0.491,5,0.189	1,0.0,2,0.057,3,0.17,4,0.434,5,0.34	1,0.019,2,0.094,3,0.396,4,0.34,5,0.151	1,0.057,2,0.057,3,0.208,4,0.453,5,0.226	1,0.057,2,0.113,3,0.453,4,0.321,5,0.057	1,0.057,2,0.113,3,0.434,4,0.283,5,0.113	1,0.075,2,0.151,3,0.283,4,0.396,5,0.094	1,0.019,2,0.075,3,0.245,4,0.358,5,0.302	1,0.019,2,0.057,3,0.208,4,0.434,5,0.283	1,0.075,2,0.075,3,0.302,4,0.396,5,0.151	1,0.038,2,0.094,3,0.208,4,0.453,5,0.208	1,0.0,2,0.094,3,0.321,4,0.396,5,0.189	1,0.038,2,0.132,3,0.434,4,0.283,5,0.113	1,0.019,2,0.151,3,0.321,4,0.377,5,0.132	1,0.038,2,0.113,3,0.321,4,0.396,5,0.132
廖國棟Sufin．Siluko		1,0.0,2,0.023,3,0.372,4,0.395,5,0.209	1,0.023,2,0.047,3,0.349,4,0.465,5,0.116	1,0.0,2,0.023,3,0.186,4,0.512,5,0.279	1,0.0,2,0.093,3,0.326,4,0.326,5,0.256	1,0.023,2,0.047,3,0.349,4,0.465,5,0.116	1,0.0,2,0.14,3,0.256,4,0.512,5,0.093	1,0.0,2,0.07,3,0.372,4,0.442,5,0.116	1,0.0,2,0.093,3,0.302,4,0.442,5,0.163	1,0.0,2,0.0,3,0.163,4,0.628,5,0.209	1,0.0,2,0.047,3,0.186,4,0.558,5,0.209	1,0.0,2,0.047,3,0.349,4,0.419,5,0.186	1,0.0,2,0.047,3,0.302,4,0.465,5,0.186	1,0.0,2,0.047,3,0.233,4,0.628,5,0.093	1,0.0,2,0.14,3,0.279,4,0.488,5,0.093	1,0.0,2,0.093,3,0.395,4,0.395,5,0.116	1,0.0,2,0.07,3,0.349,4,0.465,5,0.116
許淑華		1,0.022,2,0.022,3,0.111,4,0.622,5,0.222	1,0.0,2,0.022,3,0.089,4,0.667,5,0.222	1,0.0,2,0.022,3,0.156,4,0.444,5,0.378	1,0.044,2,0.067,3,0.222,4,0.467,5,0.2	1,0.0,2,0.044,3,0.222,4,0.489,5,0.244	1,0.022,2,0.044,3,0.222,4,0.489,5,0.222	1,0.0,2,0.022,3,0.2,4,0.556,5,0.222	1,0.022,2,0.022,3,0.133,4,0.556,5,0.267	1,0.022,2,0.022,3,0.2,4,0.4,5,0.356	1,0.022,2,0.022,3,0.267,4,0.422,5,0.267	1,0.044,2,0.044,3,0.333,4,0.356,5,0.222	1,0.044,2,0.044,3,0.244,4,0.4,5,0.267	1,0.0,2,0.022,3,0.2,4,0.533,5,0.244	1,0.0,2,0.044,3,0.222,4,0.489,5,0.244	1,0.0,2,0.022,3,0.244,4,0.533,5,0.2	1,0.0,2,0.044,3,0.2,4,0.556,5,0.2
蔡適應		1,0.025,2,0.05,3,0.225,4,0.45,5,0.25	1,0.025,2,0.05,3,0.175,4,0.4,5,0.35	1,0.0,2,0.05,3,0.1,4,0.425,5,0.425	1,0.075,2,0.175,3,0.225,4,0.4,5,0.125	1,0.025,2,0.025,3,0.15,4,0.5,5,0.3	1,0.05,2,0.05,3,0.125,4,0.475,5,0.3	1,0.025,2,0.0,3,0.15,4,0.475,5,0.35	1,0.05,2,0.0,3,0.125,4,0.475,5,0.35	1,0.0,2,0.0,3,0.15,4,0.475,5,0.375	1,0.0,2,0.0,3,0.175,4,0.425,5,0.4	1,0.025,2,0.1,3,0.325,4,0.4,5,0.15	1,0.025,2,0.025,3,0.425,4,0.325,5,0.2	1,0.05,2,0.05,3,0.125,4,0.5,5,0.275	1,0.05,2,0.0,3,0.2,4,0.525,5,0.225	1,0.05,2,0.0,3,0.175,4,0.475,5,0.3	1,0.025,2,0.025,3,0.075,4,0.575,5,0.3
蔣乃辛		1,0.022,2,0.089,3,0.333,4,0.378,5,0.178	1,0.0,2,0.022,3,0.333,4,0.489,5,0.156	1,0.044,2,0.0,3,0.156,4,0.511,5,0.289	1,0.0,2,0.067,3,0.333,4,0.467,5,0.133	1,0.0,2,0.022,3,0.333,4,0.422,5,0.222	1,0.0,2,0.044,3,0.422,4,0.444,5,0.089	1,0.0,2,0.022,3,0.311,4,0.511,5,0.156	1,0.022,2,0.0,3,0.311,4,0.467,5,0.2	1,0.0,2,0.0,3,0.178,4,0.556,5,0.267	1,0.0,2,0.044,3,0.133,4,0.578,5,0.244	1,0.0,2,0.044,3,0.444,4,0.467,5,0.044	1,0.022,2,0.044,3,0.311,4,0.489,5,0.133	1,0.022,2,0.022,3,0.267,4,0.467,5,0.222	1,0.022,2,0.022,3,0.356,4,0.356,5,0.244	1,0.0,2,0.022,3,0.4,4,0.489,5,0.089	1,0.0,2,0.0,3,0.356,4,0.511,5,0.133
蔣萬安		1,0.0,2,0.023,3,0.182,4,0.477,5,0.318	1,0.0,2,0.023,3,0.136,4,0.545,5,0.295	1,0.0,2,0.045,3,0.068,4,0.477,5,0.409	1,0.023,2,0.091,3,0.341,4,0.409,5,0.136	1,0.0,2,0.045,3,0.341,4,0.5,5,0.114	1,0.0,2,0.136,3,0.227,4,0.477,5,0.159	1,0.0,2,0.045,3,0.25,4,0.455,5,0.25	1,0.0,2,0.045,3,0.136,4,0.5,5,0.318	1,0.0,2,0.0,3,0.159,4,0.523,5,0.318	1,0.0,2,0.0,3,0.227,4,0.568,5,0.205	1,0.0,2,0.023,3,0.432,4,0.386,5,0.159	1,0.0,2,0.0,3,0.25,4,0.614,5,0.136	1,0.0,2,0.0,3,0.295,4,0.455,5,0.25	1,0.023,2,0.023,3,0.295,4,0.523,5,0.136	1,0.0,2,0.023,3,0.227,4,0.432,5,0.318	1,0.0,2,0.023,3,0.182,4,0.364,5,0.432
趙天麟		1,0.0,2,0.0,3,0.24,4,0.46,5,0.3	1,0.0,2,0.02,3,0.24,4,0.54,5,0.2	1,0.0,2,0.0,3,0.22,4,0.52,5,0.26	1,0.0,2,0.02,3,0.26,4,0.62,5,0.1	1,0.0,2,0.04,3,0.28,4,0.5,5,0.18	1,0.02,2,0.04,3,0.32,4,0.48,5,0.14	1,0.0,2,0.06,3,0.28,4,0.5,5,0.16	1,0.0,2,0.02,3,0.28,4,0.46,5,0.24	1,0.0,2,0.0,3,0.34,4,0.4,5,0.26	1,0.0,2,0.02,3,0.36,4,0.4,5,0.22	1,0.0,2,0.04,3,0.38,4,0.4,5,0.18	1,0.0,2,0.0,3,0.3,4,0.5,5,0.2	1,0.0,2,0.02,3,0.2,4,0.62,5,0.16	1,0.02,2,0.04,3,0.32,4,0.42,5,0.2	1,0.0,2,0.02,3,0.3,4,0.5,5,0.18	1,0.02,2,0.02,3,0.24,4,0.52,5,0.2
鄭運鵬		1,0.036,2,0.071,3,0.143,4,0.357,5,0.393	1,0.036,2,0.036,3,0.071,4,0.464,5,0.393	1,0.036,2,0.036,3,0.036,4,0.393,5,0.5	1,0.036,2,0.107,3,0.143,4,0.571,5,0.143	1,0.036,2,0.107,3,0.143,4,0.607,5,0.107	1,0.036,2,0.036,3,0.25,4,0.679,5,0.0	1,0.036,2,0.0,3,0.214,4,0.536,5,0.214	1,0.036,2,0.036,3,0.107,4,0.607,5,0.214	1,0.036,2,0.036,3,0.071,4,0.643,5,0.214	1,0.036,2,0.036,3,0.143,4,0.714,5,0.071	1,0.036,2,0.036,3,0.321,4,0.536,5,0.071	1,0.036,2,0.036,3,0.107,4,0.643,5,0.179	1,0.036,2,0.0,3,0.107,4,0.607,5,0.25	1,0.036,2,0.0,3,0.321,4,0.5,5,0.143	1,0.036,2,0.0,3,0.179,4,0.679,5,0.107	1,0.0,2,0.071,3,0.071,4,0.536,5,0.321
鄭寶清		1,0.0,2,0.139,3,0.306,4,0.333,5,0.222	1,0.0,2,0.0,3,0.278,4,0.417,5,0.306	1,0.0,2,0.0,3,0.194,4,0.389,5,0.417	1,0.0,2,0.111,3,0.333,4,0.361,5,0.194	1,0.028,2,0.028,3,0.083,4,0.556,5,0.306	1,0.0,2,0.139,3,0.361,4,0.361,5,0.139	1,0.0,2,0.0,3,0.278,4,0.5,5,0.222	1,0.0,2,0.0,3,0.361,4,0.361,5,0.278	1,0.0,2,0.0,3,0.222,4,0.5,5,0.278	1,0.0,2,0.0,3,0.139,4,0.639,5,0.222	1,0.0,2,0.028,3,0.361,4,0.444,5,0.167	1,0.0,2,0.028,3,0.222,4,0.389,5,0.361	1,0.0,2,0.056,3,0.25,4,0.417,5,0.278	1,0.0,2,0.139,3,0.417,4,0.333,5,0.111	1,0.0,2,0.056,3,0.361,4,0.444,5,0.139	1,0.0,2,0.056,3,0.389,4,0.333,5,0.222
劉建國		1,0.152,2,0.121,3,0.333,4,0.273,5,0.121	1,0.03,2,0.061,3,0.364,4,0.394,5,0.152	1,0.091,2,0.03,3,0.242,4,0.424,5,0.212	1,0.0,2,0.212,3,0.424,4,0.303,5,0.061	1,0.0,2,0.091,3,0.364,4,0.364,5,0.182	1,0.03,2,0.182,3,0.455,4,0.182,5,0.152	1,0.0,2,0.061,3,0.333,4,0.364,5,0.242	1,0.0,2,0.0,3,0.333,4,0.424,5,0.242	1,0.0,2,0.0,3,0.152,4,0.545,5,0.303	1,0.0,2,0.0,3,0.152,4,0.515,5,0.333	1,0.0,2,0.061,3,0.273,4,0.394,5,0.273	1,0.0,2,0.061,3,0.182,4,0.515,5,0.242	1,0.0,2,0.0,3,0.242,4,0.606,5,0.152	1,0.03,2,0.212,3,0.303,4,0.273,5,0.182	1,0.03,2,0.121,3,0.333,4,0.333,5,0.182	1,0.03,2,0.03,3,0.485,4,0.303,5,0.152
劉櫂豪		1,0.0,2,0.158,3,0.158,4,0.526,5,0.158	1,0.0,2,0.053,3,0.316,4,0.316,5,0.316	1,0.0,2,0.0,3,0.211,4,0.316,5,0.474	1,0.0,2,0.053,3,0.263,4,0.579,5,0.105	1,0.0,2,0.0,3,0.211,4,0.474,5,0.316	1,0.0,2,0.105,3,0.316,4,0.474,5,0.105	1,0.0,2,0.0,3,0.474,4,0.316,5,0.211	1,0.0,2,0.105,3,0.158,4,0.579,5,0.158	1,0.0,2,0.0,3,0.158,4,0.579,5,0.263	1,0.0,2,0.0,3,0.316,4,0.474,5,0.211	1,0.0,2,0.105,3,0.158,4,0.474,5,0.263	1,0.0,2,0.0,3,0.211,4,0.474,5,0.316	1,0.0,2,0.053,3,0.105,4,0.737,5,0.105	1,0.0,2,0.0,3,0.316,4,0.632,5,0.053	1,0.0,2,0.105,3,0.263,4,0.474,5,0.158	1,0.0,2,0.053,3,0.316,4,0.474,5,0.158
盧秀燕		1,0.023,2,0.023,3,0.372,4,0.372,5,0.209	1,0.0,2,0.07,3,0.256,4,0.512,5,0.163	1,0.023,2,0.093,3,0.163,4,0.488,5,0.233	1,0.023,2,0.023,3,0.442,4,0.349,5,0.163	1,0.0,2,0.047,3,0.465,4,0.279,5,0.209	1,0.0,2,0.093,3,0.512,4,0.186,5,0.209	1,0.0,2,0.07,3,0.256,4,0.512,5,0.163	1,0.0,2,0.023,3,0.163,4,0.605,5,0.209	1,0.0,2,0.0,3,0.302,4,0.395,5,0.302	1,0.0,2,0.0,3,0.279,4,0.442,5,0.279	1,0.0,2,0.0,3,0.326,4,0.442,5,0.233	1,0.0,2,0.0,3,0.209,4,0.419,5,0.372	1,0.047,2,0.0,3,0.233,4,0.558,5,0.163	1,0.023,2,0.023,3,0.372,4,0.419,5,0.163	1,0.0,2,0.047,3,0.372,4,0.442,5,0.14	1,0.0,2,0.023,3,0.372,4,0.395,5,0.209
蕭美琴		1,0.029,2,0.176,3,0.176,4,0.559,5,0.059	1,0.0,2,0.0,3,0.118,4,0.588,5,0.294	1,0.0,2,0.029,3,0.147,4,0.324,5,0.5	1,0.0,2,0.029,3,0.324,4,0.441,5,0.206	1,0.0,2,0.029,3,0.118,4,0.559,5,0.294	1,0.0,2,0.059,3,0.059,4,0.588,5,0.294	1,0.0,2,0.0,3,0.059,4,0.647,5,0.294	1,0.0,2,0.0,3,0.059,4,0.618,5,0.324	1,0.0,2,0.059,3,0.088,4,0.5,5,0.353	1,0.0,2,0.029,3,0.059,4,0.588,5,0.324	1,0.0,2,0.059,3,0.088,4,0.5,5,0.353	1,0.0,2,0.0,3,0.088,4,0.412,5,0.5	1,0.0,2,0.0,3,0.176,4,0.529,5,0.294	1,0.029,2,0.029,3,0.088,4,0.588,5,0.265	1,0.0,2,0.0,3,0.235,4,0.441,5,0.324	1,0.0,2,0.029,3,0.118,4,0.5,5,0.353
賴士葆		1,0.038,2,0.075,3,0.264,4,0.434,5,0.189	1,0.038,2,0.132,3,0.283,4,0.434,5,0.113	1,0.019,2,0.075,3,0.226,4,0.358,5,0.321	1,0.019,2,0.094,3,0.302,4,0.453,5,0.132	1,0.038,2,0.151,3,0.358,4,0.377,5,0.075	1,0.094,2,0.113,3,0.434,4,0.264,5,0.094	1,0.057,2,0.113,3,0.358,4,0.396,5,0.075	1,0.057,2,0.17,3,0.302,4,0.415,5,0.057	1,0.0,2,0.019,3,0.358,4,0.491,5,0.132	1,0.0,2,0.075,3,0.321,4,0.453,5,0.151	1,0.0,2,0.113,3,0.453,4,0.377,5,0.057	1,0.0,2,0.075,3,0.283,4,0.509,5,0.132	1,0.057,2,0.132,3,0.245,4,0.415,5,0.151	1,0.057,2,0.132,3,0.396,4,0.302,5,0.113	1,0.038,2,0.17,3,0.226,4,0.509,5,0.057	1,0.019,2,0.113,3,0.264,4,0.472,5,0.132
賴瑞隆		1,0.068,2,0.254,3,0.288,4,0.288,5,0.102	1,0.017,2,0.102,3,0.186,4,0.542,5,0.153	1,0.034,2,0.034,3,0.119,4,0.576,5,0.237	1,0.017,2,0.068,3,0.441,4,0.441,5,0.034	1,0.017,2,0.051,3,0.288,4,0.373,5,0.271	1,0.034,2,0.119,3,0.356,4,0.407,5,0.085	1,0.017,2,0.136,3,0.203,4,0.542,5,0.102	1,0.034,2,0.068,3,0.203,4,0.593,5,0.102	1,0.017,2,0.0,3,0.288,4,0.441,5,0.254	1,0.017,2,0.017,3,0.288,4,0.508,5,0.169	1,0.034,2,0.0,3,0.322,4,0.492,5,0.153	1,0.017,2,0.017,3,0.254,4,0.508,5,0.203	1,0.017,2,0.017,3,0.356,4,0.475,5,0.136	1,0.017,2,0.085,3,0.424,4,0.441,5,0.034	1,0.017,2,0.034,3,0.356,4,0.508,5,0.085	1,0.034,2,0.034,3,0.237,4,0.559,5,0.136
鄭天財Sra．Kacaw		1,0.059,2,0.088,3,0.294,4,0.5,5,0.059	1,0.0,2,0.059,3,0.353,4,0.382,5,0.206	1,0.0,2,0.029,3,0.118,4,0.588,5,0.265	1,0.0,2,0.059,3,0.324,4,0.441,5,0.176	1,0.029,2,0.029,3,0.235,4,0.5,5,0.206	1,0.0,2,0.118,3,0.382,4,0.294,5,0.206	1,0.0,2,0.118,3,0.294,4,0.412,5,0.176	1,0.0,2,0.029,3,0.324,4,0.529,5,0.118	1,0.029,2,0.0,3,0.059,4,0.471,5,0.441	1,0.0,2,0.0,3,0.206,4,0.588,5,0.206	1,0.0,2,0.059,3,0.118,4,0.471,5,0.353	1,0.0,2,0.059,3,0.176,4,0.324,5,0.441	1,0.0,2,0.0,3,0.382,4,0.441,5,0.176	1,0.0,2,0.176,3,0.324,4,0.353,5,0.147	1,0.029,2,0.088,3,0.235,4,0.529,5,0.118	1,0.0,2,0.088,3,0.353,4,0.382,5,0.176
蔡培慧		1,0.0,2,0.0,3,0.25,4,0.667,5,0.083	1,0.0,2,0.0,3,0.167,4,0.667,5,0.167	1,0.0,2,0.0,3,0.25,4,0.333,5,0.417	1,0.0,2,0.167,3,0.167,4,0.25,5,0.417	1,0.0,2,0.0,3,0.25,4,0.417,5,0.333	1,0.0,2,0.0,3,0.25,4,0.417,5,0.333	1,0.0,2,0.0,3,0.333,4,0.25,5,0.417	1,0.0,2,0.0,3,0.25,4,0.583,5,0.167	1,0.0,2,0.0,3,0.167,4,0.583,5,0.25	1,0.0,2,0.0,3,0.25,4,0.333,5,0.417	1,0.0,2,0.083,3,0.583,4,0.083,5,0.25	1,0.0,2,0.0,3,0.417,4,0.25,5,0.333	1,0.0,2,0.0,3,0.167,4,0.583,5,0.25	1,0.0,2,0.0,3,0.25,4,0.5,5,0.25	1,0.0,2,0.0,3,0.25,4,0.583,5,0.167	1,0.0,2,0.0,3,0.083,4,0.5,5,0.417
趙正宇		1,0.051,2,0.051,3,0.256,4,0.462,5,0.179	1,0.026,2,0.103,3,0.308,4,0.487,5,0.077	1,0.026,2,0.051,3,0.179,4,0.462,5,0.282	1,0.026,2,0.026,3,0.308,4,0.538,5,0.103	1,0.026,2,0.026,3,0.282,4,0.487,5,0.179	1,0.026,2,0.128,3,0.487,4,0.308,5,0.051	1,0.026,2,0.077,3,0.308,4,0.513,5,0.077	1,0.026,2,0.103,3,0.179,4,0.513,5,0.179	1,0.0,2,0.026,3,0.154,4,0.615,5,0.205	1,0.0,2,0.0,3,0.282,4,0.538,5,0.179	1,0.026,2,0.051,3,0.333,4,0.487,5,0.103	1,0.026,2,0.026,3,0.179,4,0.436,5,0.333	1,0.026,2,0.051,3,0.179,4,0.59,5,0.154	1,0.026,2,0.179,3,0.359,4,0.385,5,0.051	1,0.026,2,0.179,3,0.41,4,0.333,5,0.051	1,0.026,2,0.128,3,0.359,4,0.436,5,0.051
鄭麗君		1,0.143,2,0.143,3,0.571,4,0.143,5,0.0	1,0.0,2,0.0,3,0.143,4,0.429,5,0.429	1,0.0,2,0.0,3,0.286,4,0.286,5,0.429	1,0.0,2,0.429,3,0.571,4,0.0,5,0.0	1,0.0,2,0.0,3,0.143,4,0.429,5,0.429	1,0.0,2,0.0,3,0.429,4,0.429,5,0.143	1,0.0,2,0.0,3,0.143,4,0.714,5,0.143	1,0.0,2,0.0,3,0.143,4,0.571,5,0.286	1,0.0,2,0.0,3,0.143,4,0.571,5,0.286	1,0.143,2,0.0,3,0.143,4,0.429,5,0.286	1,0.0,2,0.0,3,0.286,4,0.429,5,0.286	1,0.0,2,0.0,3,0.143,4,0.429,5,0.429	1,0.0,2,0.0,3,0.143,4,0.429,5,0.429	1,0.0,2,0.0,3,0.143,4,0.286,5,0.571	1,0.0,2,0.0,3,0.143,4,0.429,5,0.429	1,0.0,2,0.0,3,0.0,4,0.286,5,0.714
鍾佳濱		1,0.0,2,0.05,3,0.1,4,0.5,5,0.35	1,0.0,2,0.05,3,0.2,4,0.4,5,0.35	1,0.0,2,0.05,3,0.2,4,0.4,5,0.35	1,0.0,2,0.05,3,0.1,4,0.5,5,0.35	1,0.0,2,0.05,3,0.45,4,0.2,5,0.3	1,0.0,2,0.05,3,0.3,4,0.3,5,0.35	1,0.0,2,0.05,3,0.35,4,0.35,5,0.25	1,0.0,2,0.05,3,0.2,4,0.55,5,0.2	1,0.0,2,0.0,3,0.2,4,0.5,5,0.3	1,0.0,2,0.0,3,0.15,4,0.5,5,0.35	1,0.0,2,0.0,3,0.55,4,0.25,5,0.2	1,0.0,2,0.0,3,0.55,4,0.25,5,0.2	1,0.0,2,0.0,3,0.25,4,0.35,5,0.4	1,0.0,2,0.0,3,0.35,4,0.45,5,0.2	1,0.0,2,0.1,3,0.3,4,0.45,5,0.15	1,0.0,2,0.05,3,0.25,4,0.5,5,0.2
顏寬恒		1,0.0,2,0.069,3,0.31,4,0.483,5,0.138	1,0.034,2,0.207,3,0.276,4,0.379,5,0.103	1,0.0,2,0.034,3,0.31,4,0.448,5,0.207	1,0.034,2,0.069,3,0.414,4,0.483,5,0.0	1,0.034,2,0.034,3,0.31,4,0.586,5,0.034	1,0.034,2,0.069,3,0.655,4,0.172,5,0.069	1,0.034,2,0.172,3,0.448,4,0.241,5,0.103	1,0.034,2,0.103,3,0.31,4,0.448,5,0.103	1,0.034,2,0.0,3,0.345,4,0.483,5,0.138	1,0.0,2,0.034,3,0.31,4,0.517,5,0.138	1,0.034,2,0.138,3,0.241,4,0.483,5,0.103	1,0.034,2,0.034,3,0.379,4,0.414,5,0.138	1,0.034,2,0.034,3,0.31,4,0.483,5,0.138	1,0.034,2,0.172,3,0.414,4,0.345,5,0.034	1,0.034,2,0.103,3,0.414,4,0.379,5,0.069	1,0.034,2,0.207,3,0.276,4,0.31,5,0.172
羅明才		1,0.0,2,0.045,3,0.318,4,0.432,5,0.205	1,0.023,2,0.091,3,0.386,4,0.318,5,0.182	1,0.0,2,0.0,3,0.25,4,0.364,5,0.386	1,0.023,2,0.227,3,0.432,4,0.25,5,0.068	1,0.023,2,0.227,3,0.341,4,0.295,5,0.114	1,0.091,2,0.295,3,0.227,4,0.318,5,0.068	1,0.068,2,0.068,3,0.409,4,0.295,5,0.159	1,0.068,2,0.159,3,0.364,4,0.318,5,0.091	1,0.045,2,0.091,3,0.295,4,0.273,5,0.295	1,0.045,2,0.045,3,0.364,4,0.364,5,0.182	1,0.045,2,0.159,3,0.455,4,0.273,5,0.068	1,0.023,2,0.182,3,0.273,4,0.409,5,0.114	1,0.0,2,0.136,3,0.455,4,0.273,5,0.136	1,0.023,2,0.25,3,0.386,4,0.205,5,0.136	1,0.045,2,0.136,3,0.409,4,0.364,5,0.045	1,0.023,2,0.205,3,0.318,4,0.318,5,0.136
蘇治芬		1,0.0,2,0.077,3,0.385,4,0.538,5,0.0	1,0.0,2,0.0,3,0.385,4,0.462,5,0.154	1,0.0,2,0.0,3,0.154,4,0.615,5,0.231	1,0.0,2,0.308,3,0.231,4,0.385,5,0.077	1,0.0,2,0.077,3,0.462,4,0.385,5,0.077	1,0.0,2,0.0,3,0.538,4,0.385,5,0.077	1,0.0,2,0.0,3,0.308,4,0.462,5,0.231	1,0.0,2,0.0,3,0.231,4,0.692,5,0.077	1,0.0,2,0.0,3,0.231,4,0.615,5,0.154	1,0.0,2,0.0,3,0.308,4,0.462,5,0.231	1,0.0,2,0.0,3,0.385,4,0.308,5,0.308	1,0.0,2,0.0,3,0.385,4,0.308,5,0.308	1,0.0,2,0.077,3,0.154,4,0.462,5,0.308	1,0.0,2,0.077,3,0.308,4,0.385,5,0.231	1,0.0,2,0.077,3,0.385,4,0.308,5,0.231	1,0.0,2,0.0,3,0.308,4,0.462,5,0.231
蘇震清		1,0.042,2,0.125,3,0.396,4,0.354,5,0.083	1,0.0,2,0.042,3,0.333,4,0.5,5,0.125	1,0.021,2,0.104,3,0.229,4,0.458,5,0.188	1,0.042,2,0.208,3,0.292,4,0.354,5,0.104	1,0.0,2,0.042,3,0.271,4,0.604,5,0.083	1,0.021,2,0.063,3,0.396,4,0.375,5,0.146	1,0.0,2,0.063,3,0.271,4,0.542,5,0.125	1,0.021,2,0.063,3,0.229,4,0.5,5,0.188	1,0.0,2,0.0,3,0.229,4,0.604,5,0.167	1,0.0,2,0.021,3,0.208,4,0.542,5,0.229	1,0.0,2,0.083,3,0.375,4,0.313,5,0.229	1,0.021,2,0.042,3,0.313,4,0.396,5,0.229	1,0.0,2,0.042,3,0.25,4,0.542,5,0.167	1,0.042,2,0.0,3,0.417,4,0.354,5,0.188	1,0.0,2,0.063,3,0.396,4,0.375,5,0.167	1,0.021,2,0.063,3,0.313,4,0.458,5,0.146
顧立雄		1,0.2,2,0.15,3,0.2,4,0.25,5,0.2	1,0.0,2,0.0,3,0.3,4,0.5,5,0.2	1,0.0,2,0.1,3,0.25,4,0.4,5,0.25	1,0.1,2,0.0,3,0.25,4,0.25,5,0.4	1,0.15,2,0.1,3,0.2,4,0.35,5,0.2	1,0.2,2,0.1,3,0.25,4,0.35,5,0.1	1,0.05,2,0.05,3,0.15,4,0.45,5,0.3	1,0.0,2,0.1,3,0.15,4,0.35,5,0.4	1,0.0,2,0.05,3,0.1,4,0.45,5,0.4	1,0.0,2,0.0,3,0.1,4,0.4,5,0.5	1,0.05,2,0.05,3,0.1,4,0.4,5,0.4	1,0.05,2,0.0,3,0.2,4,0.45,5,0.3	1,0.05,2,0.05,3,0.25,4,0.3,5,0.35	1,0.0,2,0.1,3,0.2,4,0.45,5,0.25	1,0.0,2,0.1,3,0.2,4,0.35,5,0.35	1,0.05,2,0.0,3,0.25,4,0.55,5,0.15
陳宜民		1,0.0,2,0.023,3,0.233,4,0.558,5,0.186	1,0.0,2,0.023,3,0.186,4,0.558,5,0.233	1,0.0,2,0.0,3,0.163,4,0.488,5,0.349	1,0.07,2,0.14,3,0.233,4,0.419,5,0.14	1,0.0,2,0.047,3,0.326,4,0.488,5,0.14	1,0.0,2,0.07,3,0.256,4,0.488,5,0.186	1,0.0,2,0.07,3,0.233,4,0.419,5,0.279	1,0.0,2,0.0,3,0.256,4,0.512,5,0.233	1,0.0,2,0.0,3,0.163,4,0.535,5,0.302	1,0.0,2,0.047,3,0.209,4,0.488,5,0.256	1,0.0,2,0.0,3,0.326,4,0.512,5,0.163	1,0.0,2,0.0,3,0.14,4,0.628,5,0.233	1,0.0,2,0.023,3,0.256,4,0.465,5,0.256	1,0.0,2,0.023,3,0.186,4,0.535,5,0.256	1,0.0,2,0.023,3,0.186,4,0.488,5,0.302	1,0.0,2,0.0,3,0.163,4,0.465,5,0.372
陳亭妃		1,0.121,2,0.242,3,0.303,4,0.212,5,0.121	1,0.0,2,0.121,3,0.212,4,0.455,5,0.212	1,0.0,2,0.03,3,0.212,4,0.515,5,0.242	1,0.061,2,0.303,3,0.303,4,0.303,5,0.03	1,0.091,2,0.333,3,0.242,4,0.333,5,0.0	1,0.091,2,0.394,3,0.273,4,0.212,5,0.03	1,0.03,2,0.182,3,0.121,4,0.364,5,0.303	1,0.0,2,0.03,3,0.152,4,0.455,5,0.364	1,0.0,2,0.0,3,0.091,4,0.515,5,0.394	1,0.061,2,0.0,3,0.061,4,0.455,5,0.424	1,0.03,2,0.061,3,0.485,4,0.303,5,0.121	1,0.03,2,0.091,3,0.333,4,0.303,5,0.242	1,0.0,2,0.061,3,0.212,4,0.545,5,0.182	1,0.0,2,0.303,3,0.242,4,0.394,5,0.061	1,0.0,2,0.061,3,0.333,4,0.424,5,0.182	1,0.0,2,0.061,3,0.212,4,0.485,5,0.242
蘇巧慧		1,0.0,2,0.031,3,0.344,4,0.469,5,0.156	1,0.0,2,0.031,3,0.25,4,0.406,5,0.313	1,0.0,2,0.0,3,0.25,4,0.438,5,0.313	1,0.0,2,0.063,3,0.125,4,0.531,5,0.281	1,0.0,2,0.0,3,0.406,4,0.344,5,0.25	1,0.0,2,0.0,3,0.375,4,0.438,5,0.188	1,0.0,2,0.031,3,0.406,4,0.313,5,0.25	1,0.0,2,0.0,3,0.281,4,0.563,5,0.156	1,0.0,2,0.0,3,0.219,4,0.5,5,0.281	1,0.0,2,0.031,3,0.188,4,0.531,5,0.25	1,0.0,2,0.031,3,0.5,4,0.406,5,0.063	1,0.0,2,0.063,3,0.438,4,0.344,5,0.156	1,0.0,2,0.0,3,0.25,4,0.438,5,0.313	1,0.0,2,0.031,3,0.313,4,0.531,5,0.125	1,0.0,2,0.0,3,0.281,4,0.531,5,0.188	1,0.0,2,0.0,3,0.344,4,0.406,5,0.25
谷辣斯．尤達卡Kolas Yotaka		1,0.0,2,0.0,3,0.143,4,0.571,5,0.286	1,0.0,2,0.0,3,0.214,4,0.571,5,0.214	1,0.0,2,0.0,3,0.107,4,0.643,5,0.25	1,0.0,2,0.071,3,0.393,4,0.464,5,0.071	1,0.0,2,0.036,3,0.393,4,0.464,5,0.107	1,0.0,2,0.107,3,0.393,4,0.429,5,0.071	1,0.036,2,0.036,3,0.286,4,0.536,5,0.107	1,0.0,2,0.036,3,0.179,4,0.5,5,0.286	1,0.0,2,0.0,3,0.214,4,0.429,5,0.357	1,0.0,2,0.0,3,0.25,4,0.571,5,0.179	1,0.0,2,0.0,3,0.214,4,0.464,5,0.321	1,0.0,2,0.0,3,0.214,4,0.536,5,0.25	1,0.0,2,0.0,3,0.321,4,0.536,5,0.143	1,0.0,2,0.071,3,0.214,4,0.571,5,0.143	1,0.0,2,0.036,3,0.179,4,0.571,5,0.214	1,0.0,2,0.0,3,0.179,4,0.5,5,0.321
簡東明Uliw．Qaljupayare		1,0.0,2,0.105,3,0.316,4,0.526,5,0.053	1,0.0,2,0.0,3,0.368,4,0.474,5,0.158	1,0.0,2,0.0,3,0.211,4,0.421,5,0.368	1,0.0,2,0.158,3,0.368,4,0.368,5,0.105	1,0.0,2,0.053,3,0.316,4,0.579,5,0.053	1,0.0,2,0.053,3,0.421,4,0.421,5,0.105	1,0.0,2,0.053,3,0.368,4,0.474,5,0.105	1,0.0,2,0.053,3,0.368,4,0.421,5,0.158	1,0.0,2,0.053,3,0.158,4,0.579,5,0.211	1,0.0,2,0.0,3,0.316,4,0.474,5,0.211	1,0.0,2,0.0,3,0.053,4,0.526,5,0.421	1,0.0,2,0.0,3,0.158,4,0.526,5,0.316	1,0.0,2,0.0,3,0.211,4,0.684,5,0.105	1,0.0,2,0.053,3,0.579,4,0.368,5,0.0	1,0.0,2,0.053,3,0.632,4,0.316,5,0.0	1,0.0,2,0.105,3,0.316,4,0.579,5,0.0
鍾孔炤		1,0.095,2,0.048,3,0.19,4,0.405,5,0.262	1,0.024,2,0.048,3,0.214,4,0.571,5,0.143	1,0.0,2,0.0,3,0.143,4,0.476,5,0.381	1,0.048,2,0.119,3,0.31,4,0.452,5,0.071	1,0.0,2,0.0,3,0.405,4,0.381,5,0.214	1,0.024,2,0.071,3,0.262,4,0.429,5,0.214	1,0.0,2,0.071,3,0.262,4,0.5,5,0.167	1,0.0,2,0.048,3,0.238,4,0.476,5,0.238	1,0.0,2,0.0,3,0.095,4,0.571,5,0.333	1,0.0,2,0.024,3,0.19,4,0.452,5,0.333	1,0.0,2,0.0,3,0.071,4,0.571,5,0.357	1,0.0,2,0.0,3,0.095,4,0.548,5,0.357	1,0.0,2,0.048,3,0.167,4,0.595,5,0.19	1,0.0,2,0.071,3,0.19,4,0.619,5,0.119	1,0.0,2,0.095,3,0.357,4,0.476,5,0.071	1,0.0,2,0.024,3,0.357,4,0.452,5,0.167
許智傑		1,0.0,2,0.048,3,0.143,4,0.571,5,0.238	1,0.0,2,0.048,3,0.286,4,0.476,5,0.19	1,0.0,2,0.0,3,0.286,4,0.381,5,0.333	1,0.0,2,0.0,3,0.286,4,0.524,5,0.19	1,0.0,2,0.0,3,0.238,4,0.381,5,0.381	1,0.0,2,0.0,3,0.238,4,0.619,5,0.143	1,0.0,2,0.0,3,0.286,4,0.524,5,0.19	1,0.0,2,0.0,3,0.429,4,0.333,5,0.238	1,0.0,2,0.0,3,0.095,4,0.476,5,0.429	1,0.0,2,0.0,3,0.19,4,0.476,5,0.333	1,0.048,2,0.143,3,0.429,4,0.286,5,0.095	1,0.048,2,0.048,3,0.286,4,0.333,5,0.286	1,0.0,2,0.0,3,0.333,4,0.476,5,0.19	1,0.0,2,0.0,3,0.333,4,0.524,5,0.143	1,0.0,2,0.0,3,0.333,4,0.429,5,0.238	1,0.0,2,0.0,3,0.286,4,0.619,5,0.095
劉世芳		1,0.02,2,0.059,3,0.216,4,0.451,5,0.255	1,0.02,2,0.078,3,0.176,4,0.549,5,0.176	1,0.0,2,0.02,3,0.157,4,0.431,5,0.392	1,0.098,2,0.098,3,0.353,4,0.314,5,0.137	1,0.02,2,0.059,3,0.275,4,0.373,5,0.275	1,0.02,2,0.098,3,0.294,4,0.51,5,0.078	1,0.02,2,0.098,3,0.314,4,0.451,5,0.118	1,0.02,2,0.137,3,0.196,4,0.471,5,0.176	1,0.0,2,0.039,3,0.137,4,0.51,5,0.314	1,0.0,2,0.059,3,0.235,4,0.451,5,0.255	1,0.0,2,0.098,3,0.373,4,0.373,5,0.157	1,0.0,2,0.059,3,0.294,4,0.431,5,0.216	1,0.0,2,0.02,3,0.196,4,0.529,5,0.255	1,0.02,2,0.078,3,0.314,4,0.51,5,0.078	1,0.0,2,0.078,3,0.373,4,0.431,5,0.118	1,0.0,2,0.078,3,0.255,4,0.431,5,0.235
羅致政		1,0.028,2,0.028,3,0.472,4,0.417,5,0.056	1,0.028,2,0.111,3,0.139,4,0.639,5,0.083	1,0.028,2,0.028,3,0.139,4,0.528,5,0.278	1,0.0,2,0.111,3,0.222,4,0.5,5,0.167	1,0.028,2,0.083,3,0.333,4,0.472,5,0.083	1,0.0,2,0.167,3,0.222,4,0.472,5,0.139	1,0.0,2,0.167,3,0.167,4,0.472,5,0.194	1,0.056,2,0.056,3,0.111,4,0.583,5,0.194	1,0.0,2,0.0,3,0.139,4,0.639,5,0.222	1,0.0,2,0.028,3,0.167,4,0.639,5,0.167	1,0.0,2,0.028,3,0.389,4,0.472,5,0.111	1,0.028,2,0.0,3,0.361,4,0.5,5,0.111	1,0.028,2,0.0,3,0.306,4,0.583,5,0.083	1,0.028,2,0.111,3,0.25,4,0.472,5,0.139	1,0.028,2,0.083,3,0.111,4,0.583,5,0.194	1,0.0,2,0.083,3,0.222,4,0.472,5,0.222
李麗芬		1,0.0,2,0.0,3,0.0,4,0.8,5,0.2	1,0.0,2,0.0,3,0.0,4,1.0,5,0.0	1,0.0,2,0.0,3,0.0,4,0.8,5,0.2	1,0.0,2,0.0,3,0.2,4,0.8,5,0.0	1,0.0,2,0.0,3,0.2,4,0.6,5,0.2	1,0.0,2,0.0,3,0.2,4,0.8,5,0.0	1,0.0,2,0.0,3,0.0,4,0.8,5,0.2	1,0.0,2,0.0,3,0.0,4,1.0,5,0.0	1,0.0,2,0.0,3,0.0,4,0.8,5,0.2	1,0.0,2,0.0,3,0.2,4,0.8,5,0.0	1,0.0,2,0.0,3,0.0,4,0.4,5,0.6	1,0.0,2,0.0,3,0.0,4,0.4,5,0.6	1,0.0,2,0.0,3,0.2,4,0.4,5,0.4	1,0.0,2,0.0,3,0.2,4,0.6,5,0.2	1,0.0,2,0.0,3,0.0,4,0.8,5,0.2	1,0.0,2,0.0,3,0.2,4,0.6,5,0.2
邱志偉		1,0.0,2,0.189,3,0.351,4,0.378,5,0.081	1,0.0,2,0.054,3,0.378,4,0.459,5,0.108	1,0.0,2,0.081,3,0.324,4,0.351,5,0.243	1,0.054,2,0.081,3,0.432,4,0.324,5,0.108	1,0.0,2,0.108,3,0.216,4,0.486,5,0.189	1,0.0,2,0.216,3,0.27,4,0.432,5,0.081	1,0.0,2,0.189,3,0.27,4,0.459,5,0.081	1,0.027,2,0.054,3,0.459,4,0.378,5,0.081	1,0.0,2,0.027,3,0.27,4,0.432,5,0.27	1,0.0,2,0.0,3,0.378,4,0.405,5,0.216	1,0.027,2,0.135,3,0.351,4,0.405,5,0.081	1,0.0,2,0.135,3,0.297,4,0.378,5,0.189	1,0.0,2,0.243,3,0.297,4,0.351,5,0.108	1,0.027,2,0.189,3,0.297,4,0.378,5,0.108	1,0.027,2,0.135,3,0.459,4,0.297,5,0.081	1,0.027,2,0.216,3,0.324,4,0.324,5,0.108
施義芳		1,0.0,2,0.0,3,0.0,4,0.6,5,0.4	1,0.0,2,0.0,3,0.2,4,0.8,5,0.0	1,0.0,2,0.0,3,0.0,4,0.8,5,0.2	1,0.0,2,0.0,3,0.0,4,1.0,5,0.0	1,0.0,2,0.0,3,0.2,4,0.8,5,0.0	1,0.0,2,0.2,3,0.0,4,0.6,5,0.2	1,0.0,2,0.0,3,0.2,4,0.6,5,0.2	1,0.0,2,0.0,3,0.0,4,1.0,5,0.0	1,0.0,2,0.0,3,0.2,4,0.6,5,0.2	1,0.0,2,0.0,3,0.0,4,1.0,5,0.0	1,0.0,2,0.2,3,0.2,4,0.6,5,0.0	1,0.0,2,0.0,3,0.0,4,0.8,5,0.2	1,0.0,2,0.0,3,0.0,4,0.8,5,0.2	1,0.0,2,0.0,3,1.0,4,0.0,5,0.0	1,0.0,2,0.0,3,0.4,4,0.6,5,0.0	1,0.0,2,0.0,3,0.2,4,0.8,5,0.0